
-- ARTISTS
INSERT INTO t_artists (id, name, bio, created_date) VALUES
	(1, 'Agustina Lakin', 'Est et numquam deleniti dolore placeat. Sit quo quis voluptas. Ducimus non perferendis nemo.', '2021-05-20T15:40:00.548331Z'),
	(2, 'Ms. Javier Friesen', 'Occaecati placeat mollitia. Voluptatem aut et. Et autem vel qui magnam in sint. Dicta et facilis ab quas id iure.', '2021-05-20T15:40:00.553619Z'),
	(3, 'Ms. Ossie Ledner', 'Temporibus quia totam. Asperiores vero consequuntur suscipit reiciendis perspiciatis. Odit atque dolore nostrum libero laboriosam ullam. Quam enim at beatae voluptatum. Fugiat voluptatem officia aspernatur nulla aliquam neque maiores.', '2021-05-20T15:40:00.554292Z'),
	(4, 'Marry Harber', 'Eos sapiente qui sit est omnis. Laudantium sunt et ad voluptatem id dolorum. Sint ut occaecati autem id error.', '2021-05-20T15:40:00.554786Z'),
	(5, 'Denisha Jones', 'Rerum vitae pariatur esse velit enim. Est vel corporis pariatur necessitatibus quis. Iste culpa aliquid et consectetur quam.', '2021-05-20T15:40:00.555226Z'),
	(6, 'Alana Wuckert', 'Expedita quibusdam sint iusto maiores velit a. Voluptatem quaerat commodi. Minima qui rerum.', '2021-05-20T15:40:00.555581Z'),
	(7, 'Ted Predovic', 'Rerum quis et. Est recusandae perspiciatis sunt facilis adipisci aut. Accusantium minus dolorem autem veniam. Quae fugit voluptatem quo.', '2021-05-20T15:40:00.556266Z'),
	(8, 'Latonya Breitenberg', 'Eum magni ut quod dolorum laboriosam. Velit quod in excepturi officiis velit. Aut eum adipisci et nisi quo architecto libero. Quisquam voluptas excepturi est et voluptas aut ipsam.', '2021-05-20T15:40:00.556667Z'),
	(9, 'Mr. Nick Hermann', 'Voluptatem quis qui omnis consequatur iste. Labore fuga nulla. Nam qui atque facere rerum. Nihil tempora incidunt ut quae molestias et perspiciatis. Numquam voluptas voluptatem commodi eum exercitationem quae.', '2021-05-20T15:40:00.557103Z'),
	(10, 'Moshe Terry', 'Et nihil quidem dolorem possimus. Molestiae reprehenderit quas doloremque. Rem placeat minima reprehenderit porro culpa sed voluptatibus. Itaque consequatur debitis corporis fuga. Repellat vel voluptas esse.', '2021-05-20T15:40:00.557664Z'),
	(11, 'Tamara Langworth', 'Eius rem cumque ex eos corporis. Ratione ut dignissimos repudiandae consequuntur. Qui veniam dolorum dolor voluptatum neque quia. Ut ut voluptas aperiam quam molestiae.', '2021-05-20T15:40:00.558384Z'),
	(12, 'Jesica Gutkowski', 'Voluptatem fuga temporibus ducimus quis omnis. Qui blanditiis ullam beatae iure quae culpa dolor. Quas nihil animi voluptatibus corporis reiciendis deserunt nesciunt. Quam in autem. Consectetur deleniti ut natus.', '2021-05-20T15:40:00.559018Z'),
	(13, 'Iola Abbott', 'Dolor vel sit consectetur nostrum. Et totam vitae cumque praesentium molestiae. Deserunt et consectetur molestiae.', '2021-05-20T15:40:00.559379Z'),
	(14, 'Denese Conroy', 'Nesciunt repellendus quo. Quia ea sapiente. Placeat sint eveniet minus velit cum placeat. Aliquam incidunt error.', '2021-05-20T15:40:00.559844Z'),
	(15, 'Dirk Rutherford', 'Occaecati illo delectus maxime modi molestiae officiis. Qui rem rerum voluptatem enim consequatur. Odio excepturi hic architecto. Et tempore aut omnis non. Quia quibusdam quas porro quae et error aut.', '2021-05-20T15:40:00.560349Z'),
	(16, 'Edris Hills', 'Ea minus et vitae in. Laudantium nulla est. Officiis est minus quas corporis autem dolores et. Quibusdam neque harum eum saepe eos expedita commodi.', '2021-05-20T15:40:00.561723Z'),
	(17, 'Aaron Mraz', 'Dolorem doloremque eum nobis hic dolorem ut voluptates. Suscipit excepturi repellat debitis ipsum voluptatibus recusandae. Aut temporibus quia est quis odio. Et aut tempora aut tenetur consequuntur quasi aut. Quasi cupiditate cupiditate enim dolorem.', '2021-05-20T15:40:00.562383Z'),
	(18, 'Burt Will', 'Cumque deserunt beatae vel ipsum praesentium. Velit omnis quas. Fugit placeat ipsum nihil esse.', '2021-05-20T15:40:00.562857Z'),
	(19, 'Cornell Breitenberg', 'Quisquam soluta dolor laboriosam. Rerum aut expedita. Et vel est. Placeat sapiente consectetur distinctio aut.', '2021-05-20T15:40:00.563430Z'),
	(20, 'Eugene Kertzmann', 'Hic qui assumenda incidunt. Fugit amet dolorem commodi sit et saepe repudiandae. Ipsam dolore qui explicabo.', '2021-05-20T15:40:00.564041Z'),
	(21, 'Cecil Okuneva', 'Omnis voluptatem quae error quasi dolorem. Quis vel eius modi voluptas exercitationem est. Hic enim ut aut.', '2021-05-20T15:40:00.564796Z'),
	(22, 'Raymond Pouros II', 'Recusandae quam sapiente molestiae earum laudantium. Omnis sunt consequatur necessitatibus rerum error rerum aut. A aut excepturi. Aperiam distinctio explicabo. Beatae corrupti fugit sed veritatis autem dicta qui.', '2021-05-20T15:40:00.565641Z'),
	(23, 'Ellan Bashirian', 'Error et cumque expedita sed. Voluptatem magni laboriosam. Non minus qui qui ab ut quibusdam ut.', '2021-05-20T15:40:00.566140Z'),
	(24, 'Al Schuppe', 'Nihil ut quos reprehenderit minus maxime. Possimus aliquam culpa officiis hic voluptatem. Facere unde qui necessitatibus sit. Exercitationem alias est error. Corrupti quis aspernatur quia est.', '2021-05-20T15:40:00.566685Z'),
	(25, 'Wilfred Hilpert', 'Vel iste nihil voluptatibus sit est. Fugit eligendi enim ipsum fugit quod. Dolor vel doloribus perferendis dolores.', '2021-05-20T15:40:00.567089Z'),
	(26, 'Mr. Cliff Rutherford', 'Dolor quos exercitationem aut voluptate quam sit qui. Rerum rem natus veniam facere. Modi recusandae dolor doloribus quam rerum temporibus.', '2021-05-20T15:40:00.567538Z'),
	(27, 'Latoria Hamill IV', 'Cumque provident et et quibusdam eos. Doloribus necessitatibus sint architecto repellat accusantium. Quis perspiciatis in exercitationem in sint. Rerum et ea et voluptas necessitatibus reprehenderit earum.', '2021-05-20T15:40:00.567965Z'),
	(28, 'Josh Rosenbaum', 'Et dolor saepe. Dolores qui a quos sed commodi. Quibusdam atque magni ut odio. Vitae asperiores qui numquam reprehenderit.', '2021-05-20T15:40:00.568317Z'),
	(29, 'Merrill Effertz', 'Quisquam hic et voluptatem aut quo sit perspiciatis. Consequatur dignissimos illo. Debitis ipsam maxime tempore molestiae corporis eaque.', '2021-05-20T15:40:00.568614Z'),
	(30, 'Eulalia Spinka V', 'Debitis distinctio dolorum. Atque consequuntur ab expedita iusto impedit ex voluptates. Sit officia omnis saepe iusto vel quia vitae. Voluptas qui numquam alias optio nihil cum culpa. Est consequuntur ut voluptatum.', '2021-05-20T15:40:00.568933Z'),
	(31, 'Miss Angeline Spencer', 'Esse est incidunt cupiditate. Sunt aperiam temporibus. Beatae laborum officia deleniti delectus quis. Odio numquam quia nisi animi a et omnis. Labore repellendus voluptatem exercitationem.', '2021-05-20T15:40:00.569298Z'),
	(32, 'Junko Bartoletti', 'Et modi vel. Tempore fugit qui quia omnis ea quae recusandae. Tempora maiores nulla architecto explicabo quis. Quasi dolore perferendis.', '2021-05-20T15:40:00.569679Z'),
	(33, 'Cris Emmerich DVM', 'Molestiae libero laudantium. Qui ratione repellendus eum aut. Mollitia sed natus commodi qui. Eius nostrum quo eum quisquam in ut rem. Reprehenderit facere reiciendis praesentium voluptatum et beatae.', '2021-05-20T15:40:00.570012Z'),
	(34, 'Miss Ken Harris', 'Eum et nobis aut fuga. Eius error reprehenderit velit ex voluptatibus voluptatum rerum. Perferendis tempore possimus sit laborum quibusdam reprehenderit omnis.', '2021-05-20T15:40:00.570396Z'),
	(35, 'Abe Weimann', 'Officia dolores dignissimos id maiores incidunt velit officiis. Accusantium fuga repellat quaerat nostrum sequi corporis. Veniam rerum vero et.', '2021-05-20T15:40:00.570739Z'),
	(36, 'Noel Will MD', 'Accusantium qui optio est est aliquid alias. Quo necessitatibus consequuntur. Optio ut veniam consequuntur in sunt vel corrupti.', '2021-05-20T15:40:00.571041Z'),
	(37, 'Lowell Jones II', 'Eum nam molestias rerum id. Illum praesentium ea ducimus laudantium et ut enim. Non doloremque et ullam molestiae ullam. Aspernatur provident similique libero perferendis. Qui ab illo laboriosam earum veritatis.', '2021-05-20T15:40:00.571449Z'),
	(38, 'Dillon Stamm', 'Et qui officiis ullam numquam illo aliquam ullam. Alias voluptatibus sit molestias est rerum. Harum ipsa voluptatem voluptas et asperiores. Eos quia est sunt.', '2021-05-20T15:40:00.571977Z'),
	(39, 'Calvin Wintheiser', 'Quia inventore dolorem. Iusto aperiam est qui sit. Cupiditate sed nostrum temporibus sunt.', '2021-05-20T15:40:00.572456Z'),
	(40, 'Lincoln Bosco', 'Tenetur tempora praesentium. Libero repellendus autem nulla voluptatem ipsam natus. Laborum necessitatibus sunt libero quasi labore. Enim odit qui. Reprehenderit et sint autem quis enim est.', '2021-05-20T15:40:00.572741Z'),
	(41, 'Mr. Karima Swift', 'Laborum sed ab repellat expedita et. Ut error minima nulla dolor vel. Fuga libero occaecati enim autem quo odio impedit.', '2021-05-20T15:40:00.573033Z'),
	(42, 'Ms. Kareem Kuhlman', 'Aperiam est delectus consequatur odio et quia. Consequuntur inventore qui est ea consequatur. Explicabo distinctio explicabo a. Veniam similique reprehenderit odio non cum cum minus. Est ea dolorem.', '2021-05-20T15:40:00.573356Z'),
	(43, 'Max Keeling', 'Nemo commodi labore. Animi nihil aut corporis dolore quaerat dicta. Dolorem voluptate aliquam aut non consequatur. Facere aut corporis consectetur voluptas.', '2021-05-20T15:40:00.573630Z'),
	(44, 'Janella Friesen', 'Aspernatur soluta alias qui possimus repellendus quia non. Molestiae illo officia nemo. Consequatur laboriosam omnis tenetur dolore occaecati consequatur qui. Cupiditate qui alias.', '2021-05-20T15:40:00.573910Z'),
	(45, 'Meghan Harvey', 'Est laudantium repellat sequi. Et sint et et dolore. Sed vero voluptas aut autem perferendis expedita rem. Sunt numquam est inventore. Ducimus aliquam commodi ut.', '2021-05-20T15:40:00.574235Z'),
	(46, 'Miss Devon Stehr', 'Enim tempore incidunt fugit dolorem autem quia. Voluptas perspiciatis tenetur molestiae voluptates eum necessitatibus sit. Eaque inventore iusto commodi consequatur vel laboriosam.', '2021-05-20T15:40:00.574586Z'),
	(47, 'Dorathy Lind', 'Modi facere ex sit molestiae. Nesciunt adipisci fuga excepturi adipisci dolor. Illum voluptatem est. Consequatur optio impedit ratione tempore id quibusdam eaque.', '2021-05-20T15:40:00.574879Z'),
	(48, 'Ferdinand OKeefe', 'Aut et id culpa reiciendis aut. Corrupti labore blanditiis quia. Beatae quod quam atque hic beatae fugiat ex. Et ullam itaque rerum quam modi. Temporibus qui ut deleniti exercitationem.', '2021-05-20T15:40:00.575243Z'),
	(49, 'Renato Mills', 'Amet rerum deserunt debitis ab sed ratione nostrum. Omnis voluptatem rerum. Voluptatem delectus aut et magni eaque odio.', '2021-05-20T15:40:00.575571Z'),
	(50, 'Donnie Williamson', 'Aliquam assumenda rerum et vel. Non adipisci omnis magnam laborum ea. Sed voluptatem dolorem quod omnis esse sed.', '2021-05-20T15:40:00.575830Z'),
	(51, 'Aldo Block I', 'Doloremque dolore commodi. Repellendus itaque dolor id adipisci dolore repellat repellendus. Voluptatum quia eum et distinctio voluptatem explicabo dolor.', '2021-05-20T15:40:00.576161Z'),
	(52, 'Mr. Mohammad Jones', 'Non quae molestias aut libero at. Debitis mollitia dolore amet aliquam necessitatibus minima. Odit voluptate voluptatum minima consectetur omnis architecto. Recusandae ratione exercitationem dicta rerum enim. Dolorum numquam voluptatem.', '2021-05-20T15:40:00.576694Z'),
	(53, 'Joey Stark DVM', 'Expedita molestias pariatur deserunt et et eligendi. Voluptate praesentium molestiae magni sequi et. Consequuntur assumenda odit aut deserunt officiis reiciendis tempora. Repellendus distinctio eius quis. Aliquid voluptas quia dolores ipsum tempora ea aut.', '2021-05-20T15:40:00.577328Z'),
	(54, 'Joanna Kutch', 'Ea rerum totam reiciendis cupiditate maiores veritatis atque. Alias molestiae quo et provident similique quia. Explicabo repudiandae sed quo accusantium.', '2021-05-20T15:40:00.577656Z'),
	(55, 'Delora Cummings', 'At rerum in sed et eum. Possimus voluptatem dolorem beatae aut velit eligendi. Est suscipit soluta asperiores repellendus rerum.', '2021-05-20T15:40:00.578024Z'),
	(56, 'Aron Gerhold', 'Cum quia animi ipsum. Corrupti sit laboriosam accusamus. In architecto et. Et id ratione consequuntur enim.', '2021-05-20T15:40:00.578315Z'),
	(57, 'Porfirio Lowe', 'Qui qui esse labore perferendis. Maiores omnis et quasi repellendus harum ut. Optio vitae tempore commodi harum facere. Quaerat nihil quisquam. Ad ipsa repellendus sit.', '2021-05-20T15:40:00.578632Z'),
	(58, 'Tyron Anderson', 'Nemo quis sunt autem rem nesciunt dignissimos eius. Amet maiores sint dolore alias eum architecto. Nisi et rerum. Aut non culpa.', '2021-05-20T15:40:00.578874Z'),
	(59, 'John Crist', 'Similique animi ea tenetur aliquid dolorem. Hic iste nihil vero veniam quam. Debitis quo rerum corrupti similique aliquid eum aperiam. Doloribus beatae placeat omnis et et qui. Laborum rerum odit.', '2021-05-20T15:40:00.579174Z'),
	(60, 'Rosalinda Kovacek', 'Dolore quod laborum qui. Qui dignissimos quisquam culpa optio quo. Perspiciatis et repellat magnam velit eaque numquam. Aut dignissimos eos quasi. Soluta reprehenderit id qui.', '2021-05-20T15:40:00.579603Z'),
	(61, 'Byron Olson', 'Sapiente sit ad ipsum consequatur natus voluptatem earum. Aut qui molestiae. Voluptate non consequuntur vitae non autem.', '2021-05-20T15:40:00.579935Z'),
	(62, 'Barrett Roberts', 'Nam consequatur tenetur voluptate numquam consequatur veritatis. Et quis et in iure autem animi aut. Rerum vitae eum qui magnam. Aut eum sapiente.', '2021-05-20T15:40:00.580249Z'),
	(63, 'Jeanelle West', 'Sit aut rerum velit illo labore rem ullam. Quibusdam ut molestias nemo. Enim voluptas est debitis consequatur quod adipisci.', '2021-05-20T15:40:00.580481Z'),
	(64, 'Mrs. Juliet Bahringer', 'Rerum fugit nihil est nulla optio suscipit expedita. Perspiciatis fuga qui. Occaecati consequatur cum quibusdam velit qui molestiae qui. Eos rerum aut illum nisi accusantium quis. Deserunt nemo recusandae in quibusdam expedita delectus iste.', '2021-05-20T15:40:00.580802Z'),
	(65, 'Lamont Prohaska', 'Iste est neque vel optio similique. Ea voluptates distinctio itaque non adipisci nostrum dolores. Eius possimus minima dolorem. Voluptas nemo aut expedita itaque quos tempora.', '2021-05-20T15:40:00.581091Z'),
	(66, 'Dr. Krystal Schroeder', 'Omnis vel dicta fugit. Eligendi non dolore. Officia inventore nisi eos.', '2021-05-20T15:40:00.581508Z'),
	(67, 'Rosario Glover', 'Recusandae consequatur et quam. Debitis ipsum a. Itaque quibusdam molestiae iusto nisi. Laboriosam ipsum laboriosam eum voluptas. A voluptatibus dolore eaque rem.', '2021-05-20T15:40:00.582001Z'),
	(68, 'Philip Romaguera', 'Est consequatur et atque temporibus. Et sed illum quidem voluptatem consequatur est. Sunt recusandae ipsam enim voluptas esse sit. Et ex sunt. Et natus pariatur quia.', '2021-05-20T15:40:00.582354Z'),
	(69, 'Bryce Stiedemann', 'Cum autem qui qui nulla distinctio. Modi suscipit omnis dolorem aut ex. Nam eum accusamus quod. Vero fuga et minus omnis harum. Sunt necessitatibus eum.', '2021-05-20T15:40:00.582687Z'),
	(70, 'Josefina Walter', 'Asperiores inventore veniam nemo reiciendis dolor aut et. Quo sed qui rerum eum qui facere ratione. Nostrum sit error. Debitis velit dolorum.', '2021-05-20T15:40:00.583070Z'),
	(71, 'Lacey Monahan IV', 'Dolorem est ab expedita. Ut nostrum nulla laboriosam sed ut. Eius maxime esse maiores eos.', '2021-05-20T15:40:00.583343Z'),
	(72, 'Bart Reichel', 'Iusto id aliquam autem neque ut. Et placeat harum. Sunt pariatur minus soluta.', '2021-05-20T15:40:00.583574Z'),
	(73, 'Kymberly Kihn II', 'Fugit quas qui illo veritatis sunt voluptatibus consectetur. Debitis harum similique. Vero deserunt sunt. Saepe et est vero omnis et.', '2021-05-20T15:40:00.583853Z'),
	(74, 'Linwood Price', 'Vel qui qui. Eaque quia laudantium consequatur. Placeat voluptatem qui ad labore.', '2021-05-20T15:40:00.584136Z'),
	(75, 'Hector Mitchell', 'Distinctio voluptates cum doloribus nemo et et. Voluptas aut deleniti officia deleniti deserunt. Sed assumenda accusamus excepturi non sed asperiores vel. Magni nobis quaerat natus ex et. Quis et repellat et magnam distinctio neque molestias.', '2021-05-20T15:40:00.584544Z'),
	(76, 'Keneth Weissnat', 'Sed consequuntur hic eius ratione nihil. Quis omnis quos eligendi cumque ea magnam. Aspernatur quis quisquam.', '2021-05-20T15:40:00.584861Z'),
	(77, 'Ahmed OConnell DDS', 'Reprehenderit vero ut pariatur sunt officia. Quia odio qui magni quia. Unde voluptas fugiat consequatur adipisci provident fugit. Voluptatem nisi voluptate laborum eius atque. Id at quia.', '2021-05-20T15:40:00.585218Z'),
	(78, 'Hal OConner', 'Dolorem omnis est. Est nisi corrupti aliquid corrupti nulla. Dolores totam aut sunt aliquid velit. Dolores officia accusamus necessitatibus dolorum. Et tenetur ut.', '2021-05-20T15:40:00.585754Z'),
	(79, 'Tonita Barton', 'Quibusdam numquam dolores et magni. Autem reiciendis voluptatem est. Tempora maxime veritatis est recusandae voluptates non aspernatur. Quia qui dolores temporibus ea vel.', '2021-05-20T15:40:00.586155Z'),
	(80, 'Miss Karyn Feeney', 'Omnis autem voluptatibus. Nemo ducimus qui qui quia saepe. Earum dolores nulla aut.', '2021-05-20T15:40:00.586382Z'),
	(81, 'Oralee Hand', 'Harum rerum distinctio rerum nemo voluptatem. Excepturi porro voluptatem qui ullam nisi accusantium. Quae inventore aliquid accusamus et tenetur occaecati. Et vitae magni soluta eum dolorum dolorum. Repudiandae ut voluptates.', '2021-05-20T15:40:00.586760Z'),
	(82, 'Miss Gearldine Senger', 'Nesciunt debitis excepturi et. Dolorem ex optio rerum quis dolor atque at. Ullam excepturi consectetur aspernatur quia aspernatur vel laboriosam. Sed quaerat dolorem eligendi est maiores quibusdam.', '2021-05-20T15:40:00.587050Z'),
	(83, 'Dr. Leonardo Hand', 'Molestiae perferendis dolor ex nam neque aperiam beatae. Rerum qui ratione qui impedit quo. Reiciendis dolorem quo expedita eius officia.', '2021-05-20T15:40:00.587326Z'),
	(84, 'Gil Tromp', 'In labore qui doloremque eveniet est accusamus. Optio aspernatur consectetur officiis ab sequi dolorum. Dolorum aut accusamus quidem dolor nisi. Et autem corrupti iusto dolores aliquid aspernatur nisi.', '2021-05-20T15:40:00.587604Z'),
	(85, 'Floria Kuvalis', 'Non id sunt id tempora velit voluptatibus. Voluptatem quas quam porro autem eaque modi soluta. Sequi omnis sequi exercitationem iste ipsum debitis. Natus similique corporis deserunt quis iure. Pariatur ullam quo aut.', '2021-05-20T15:40:00.587883Z'),
	(86, 'Vicente Powlowski DDS', 'Sit ab ad. Atque voluptate sunt voluptatem libero doloremque voluptates. Voluptas blanditiis ipsum.', '2021-05-20T15:40:00.588114Z'),
	(87, 'Reginald Cole', 'Libero voluptatum dolores quia ea adipisci deleniti tenetur. Est occaecati nihil deleniti rerum aut tenetur deleniti. Nisi in sapiente voluptatibus quaerat. Itaque eos quisquam qui omnis enim perferendis. Assumenda fugiat consequuntur.', '2021-05-20T15:40:00.588407Z'),
	(88, 'Benito Hane', 'Veritatis assumenda voluptatem eos. Deleniti laudantium quam maiores eveniet iusto voluptatem. Et ipsum aut iusto provident quas non. Consequuntur nostrum quas aut eum quis.', '2021-05-20T15:40:00.588665Z'),
	(89, 'Ilona Crist', 'Totam voluptas reprehenderit vel modi. Rerum tenetur nihil aut repellat quae. Facilis aut nostrum repellat. Laboriosam incidunt vel.', '2021-05-20T15:40:00.588876Z'),
	(90, 'Elease Metz', 'Laboriosam id quos similique maxime aperiam. Suscipit doloribus aut. Aliquam cumque sed maiores. Impedit eos dolor maiores.', '2021-05-20T15:40:00.589127Z'),
	(91, 'Patrina Schamberger I', 'Numquam asperiores rem voluptatibus aut. Nostrum quia excepturi totam ratione et. Amet officiis libero quis sint consequatur. Rerum ipsum cumque ex. Nulla qui autem.', '2021-05-20T15:40:00.589392Z'),
	(92, 'Dr. Nathanael Hahn', 'Dolores eaque facilis nostrum ut ipsum quo reprehenderit. Eum perspiciatis doloremque ipsum dolor. Expedita asperiores recusandae fugiat consequatur nulla dolorum quasi. Eos debitis dolor et quis.', '2021-05-20T15:40:00.589942Z'),
	(93, 'Cleo Mann', 'Quibusdam ut accusamus voluptas. Et et officia. In dignissimos et. Rerum officiis optio.', '2021-05-20T15:40:00.590163Z'),
	(94, 'Alexandra Frami', 'Quidem est molestiae iure quae. Accusantium quia et eos occaecati iste sed. Ea ipsum rem ipsa necessitatibus rem eum voluptas. Quo magni reiciendis itaque assumenda dolor. Et blanditiis sed adipisci blanditiis quia excepturi et.', '2021-05-20T15:40:00.590431Z'),
	(95, 'Eugene Stroman', 'Eius repellendus nesciunt totam in ad incidunt. Sit dolores possimus qui iure. Est perspiciatis officiis ducimus. Quibusdam voluptatem soluta officia eveniet commodi sunt.', '2021-05-20T15:40:00.590681Z'),
	(96, 'Gustavo Wyman', 'Est qui porro. Esse animi provident in itaque voluptatem. Ad laboriosam sequi enim.', '2021-05-20T15:40:00.590865Z'),
	(97, 'Stevie Hand', 'Sequi voluptatem voluptatem maiores dolor possimus earum. Id dolores quisquam aut. Rerum est repudiandae aspernatur doloribus.', '2021-05-20T15:40:00.591096Z'),
	(98, 'Errol Conn', 'Maiores quisquam dolores natus nesciunt animi. Assumenda vero harum doloribus doloribus omnis a et. Quod omnis non et quae qui voluptatem ullam. Quas amet culpa et corporis sed minus praesentium.', '2021-05-20T15:40:00.591352Z'),
	(99, 'Dr. Prince McKenzie', 'Dolores molestiae sed corrupti occaecati quisquam est. Eaque quia recusandae debitis sed et. Rerum quidem qui facilis sit dolore officia omnis. Molestiae nihil velit perspiciatis et rerum ipsam voluptas. Sequi provident est voluptates.', '2021-05-20T15:40:00.591702Z'),
	(100, 'Ms. Herman Dicki', 'Magni dignissimos suscipit minus autem nobis non. Atque accusantium dolor omnis optio. Molestiae veniam fugiat velit adipisci molestias et ea. Similique aut aliquid.', '2021-05-20T15:40:00.591971Z');

-- PUBLISHERS
INSERT INTO t_publishers (id, name, created_date) VALUES
	(1, 'Leaf Books', '2021-05-20T15:40:00.592040Z'),
	(2, 'HMSO', '2021-05-20T15:40:00.592076Z'),
	(3, 'Secker & Warburg', '2021-05-20T15:40:00.592105Z'),
	(4, 'Tartarus Press', '2021-05-20T15:40:00.592134Z'),
	(5, 'University of Akron Press', '2021-05-20T15:40:00.592162Z'),
	(6, 'Shuter & Shooter Publishers', '2021-05-20T15:40:00.592190Z'),
	(7, 'Elloras Cave', '2021-05-20T15:40:00.592218Z'),
	(8, 'Vintage Books at Random House', '2021-05-20T15:40:00.592246Z'),
	(9, 'University of Chicago Press', '2021-05-20T15:40:00.592276Z'),
	(10, 'Legend Books', '2021-05-20T15:40:00.592303Z'),
	(11, 'Faber and Faber', '2021-05-20T15:40:00.592331Z'),
	(12, 'Harcourt Trade Publishers', '2021-05-20T15:40:00.592360Z'),
	(13, 'Bloomsbury Publishing Plc', '2021-05-20T15:40:00.592388Z'),
	(14, 'Penguin Books', '2021-05-20T15:40:00.592417Z'),
	(15, 'Victor Gollancz Ltd', '2021-05-20T15:40:00.592444Z'),
	(16, 'Indiana University Press', '2021-05-20T15:40:00.592474Z'),
	(17, 'Libertas Academica', '2021-05-20T15:40:00.592503Z'),
	(18, 'Karadi Tales', '2021-05-20T15:40:00.592540Z'),
	(19, 'Mark Batty Publisher', '2021-05-20T15:40:00.592568Z'),
	(20, 'Kogan Page', '2021-05-20T15:40:00.592597Z'),
	(21, 'No Starch Press', '2021-05-20T15:40:00.592626Z'),
	(22, 'Brimstone Press', '2021-05-20T15:40:00.592655Z'),
	(23, 'Blue Ribbon Books', '2021-05-20T15:40:00.592684Z'),
	(24, 'ECW Press', '2021-05-20T15:40:00.592716Z'),
	(25, 'Broadview Press', '2021-05-20T15:40:00.592745Z'),
	(26, 'Charles Scribners Sons', '2021-05-20T15:40:00.592775Z'),
	(27, 'Breslov Research Institute', '2021-05-20T15:40:00.592805Z'),
	(28, 'Booktrope', '2021-05-20T15:40:00.592839Z'),
	(29, 'Applewood Books', '2021-05-20T15:40:00.592886Z'),
	(30, 'Black Dog Publishing', '2021-05-20T15:40:00.592925Z'),
	(31, 'Tachyon Publications', '2021-05-20T15:40:00.592953Z'),
	(32, 'Atlantic Books', '2021-05-20T15:40:00.592981Z'),
	(33, 'HarperPrism', '2021-05-20T15:40:00.593011Z'),
	(34, 'Tartarus Press', '2021-05-20T15:40:00.593038Z'),
	(35, 'University of Akron Press', '2021-05-20T15:40:00.593066Z'),
	(36, 'Pecan Grove Press', '2021-05-20T15:40:00.593093Z'),
	(37, 'Dalkey Archive Press', '2021-05-20T15:40:00.593127Z'),
	(38, 'Holland Park Press', '2021-05-20T15:40:00.593159Z'),
	(39, 'Macmillan Publishers', '2021-05-20T15:40:00.593186Z'),
	(40, 'Cengage Learning', '2021-05-20T15:40:00.593215Z'),
	(41, 'Apress', '2021-05-20T15:40:00.593243Z'),
	(42, 'Bloodaxe Books', '2021-05-20T15:40:00.593272Z'),
	(43, 'Berkley Books', '2021-05-20T15:40:00.593320Z'),
	(44, 'Book League of America', '2021-05-20T15:40:00.593361Z'),
	(45, 'University of Akron Press', '2021-05-20T15:40:00.593392Z'),
	(46, 'Emerald Group Publishing', '2021-05-20T15:40:00.593419Z'),
	(47, 'Shoemaker & Hoard Publishers', '2021-05-20T15:40:00.593453Z'),
	(48, 'Reed Publishing', '2021-05-20T15:40:00.593535Z'),
	(49, 'Chambers Harrap', '2021-05-20T15:40:00.593564Z'),
	(50, 'Cloverdale Corporation', '2021-05-20T15:40:00.593763Z'),
	(51, 'Ballantine Books', '2021-05-20T15:40:00.593801Z'),
	(52, 'D. Reidel', '2021-05-20T15:40:00.593836Z'),
	(53, 'Harvard University Press', '2021-05-20T15:40:00.593865Z'),
	(54, 'Hogarth Press', '2021-05-20T15:40:00.593894Z'),
	(55, 'Manning Publications', '2021-05-20T15:40:00.593930Z'),
	(56, 'Libertas Academica', '2021-05-20T15:40:00.593966Z'),
	(57, 'Bantam Books', '2021-05-20T15:40:00.593996Z'),
	(58, 'HarperTrophy', '2021-05-20T15:40:00.594023Z'),
	(59, 'Mandrake of Oxford', '2021-05-20T15:40:00.594053Z'),
	(60, 'Penguin Books', '2021-05-20T15:40:00.594082Z'),
	(61, 'T & T Clark', '2021-05-20T15:40:00.594109Z'),
	(62, 'NavPress', '2021-05-20T15:40:00.594137Z'),
	(63, 'Book Works', '2021-05-20T15:40:00.594165Z'),
	(64, 'University of Chicago Press', '2021-05-20T15:40:00.594195Z'),
	(65, 'Papadakis Publisher', '2021-05-20T15:40:00.594222Z'),
	(66, 'Ballantine Books', '2021-05-20T15:40:00.594251Z'),
	(67, 'Atlas Press', '2021-05-20T15:40:00.594282Z'),
	(68, 'Mandrake of Oxford', '2021-05-20T15:40:00.594315Z'),
	(69, 'University of California Press', '2021-05-20T15:40:00.594346Z'),
	(70, 'Black Library', '2021-05-20T15:40:00.594376Z'),
	(71, 'Marshall Pickering', '2021-05-20T15:40:00.594405Z'),
	(72, 'Ian Allan Publishing', '2021-05-20T15:40:00.594435Z'),
	(73, 'Daedalus Publishing', '2021-05-20T15:40:00.594477Z'),
	(74, 'Jaico Publishing House', '2021-05-20T15:40:00.594509Z'),
	(75, 'Library of America', '2021-05-20T15:40:00.594539Z'),
	(76, 'Kodansha', '2021-05-20T15:40:00.594592Z'),
	(77, 'Bowes & Bowes', '2021-05-20T15:40:00.594624Z'),
	(78, 'Packt Publishing', '2021-05-20T15:40:00.594652Z'),
	(79, 'Atheneum Books', '2021-05-20T15:40:00.594679Z'),
	(80, 'No Starch Press', '2021-05-20T15:40:00.594706Z'),
	(81, 'Chick Publications', '2021-05-20T15:40:00.594735Z'),
	(82, 'Darakwon Press', '2021-05-20T15:40:00.594763Z'),
	(83, 'Hogarth Press', '2021-05-20T15:40:00.594789Z'),
	(84, 'Harvill Press at Random House', '2021-05-20T15:40:00.594815Z'),
	(85, 'Left Book Club', '2021-05-20T15:40:00.594845Z'),
	(86, 'Gefen Publishing House', '2021-05-20T15:40:00.594873Z'),
	(87, 'Leaf Books', '2021-05-20T15:40:00.594900Z'),
	(88, 'University of Michigan Press', '2021-05-20T15:40:00.594929Z'),
	(89, 'Karadi Tales', '2021-05-20T15:40:00.594955Z'),
	(90, 'Kodansha', '2021-05-20T15:40:00.594985Z'),
	(91, 'UCL Press', '2021-05-20T15:40:00.595012Z'),
	(92, 'Parragon', '2021-05-20T15:40:00.595039Z'),
	(93, 'Mapin Publishing', '2021-05-20T15:40:00.595065Z'),
	(94, 'Hodder Headline', '2021-05-20T15:40:00.595091Z'),
	(95, 'HarperPrism', '2021-05-20T15:40:00.595170Z'),
	(96, 'Open Court Publishing Company', '2021-05-20T15:40:00.595205Z'),
	(97, 'Reed Publishing', '2021-05-20T15:40:00.595232Z'),
	(98, 'Anova Books', '2021-05-20T15:40:00.595259Z'),
	(99, 'Victor Gollancz Ltd', '2021-05-20T15:40:00.595286Z'),
	(100, 'Chronicle Books', '2021-05-20T15:40:00.595313Z');

-- CUSTOMERS
INSERT INTO t_customers (id, first_name, last_name, e_mail, created_date) VALUES
	(1, 'Chery', 'Reilly', 'rupert.conroy@hotmail.com', '2021-05-20T15:40:00.631217Z'),
	(2, 'Kenyatta', 'Gislason', 'josephina.blanda@yahoo.com', '2021-05-20T15:40:00.631506Z'),
	(3, 'Dan', 'Abshire', 'wilma.jerde@yahoo.com', '2021-05-20T15:40:00.631593Z'),
	(4, 'Logan', 'Spinka', 'kurtis.corkery@gmail.com', '2021-05-20T15:40:00.631674Z'),
	(5, 'Ronnie', 'Schumm', 'tony.botsford@hotmail.com', '2021-05-20T15:40:00.631751Z'),
	(6, 'Carlton', 'Feil', 'harrison.moen@yahoo.com', '2021-05-20T15:40:00.631839Z'),
	(7, 'Eugenio', 'OKon', 'omer.mohr@yahoo.com', '2021-05-20T15:40:00.631916Z'),
	(8, 'Mckinley', 'Shields', 'emery.williamson@gmail.com', '2021-05-20T15:40:00.632Z'),
	(9, 'Dylan', 'Mraz', 'ambrose.sauer@gmail.com', '2021-05-20T15:40:00.632076Z'),
	(10, 'Lamont', 'Willms', 'rocky.rath@yahoo.com', '2021-05-20T15:40:00.632154Z'),
	(11, 'Seth', 'Upton', 'valorie.douglas@hotmail.com', '2021-05-20T15:40:00.632248Z'),
	(12, 'Kirk', 'Paucek', 'dallas.donnelly@yahoo.com', '2021-05-20T15:40:00.632325Z'),
	(13, 'Claire', 'Roberts', 'dorthea.wintheiser@gmail.com', '2021-05-20T15:40:00.632401Z'),
	(14, 'Dexter', 'Lakin', 'bob.schultz@hotmail.com', '2021-05-20T15:40:00.632481Z'),
	(15, 'Dusty', 'Medhurst', 'mervin.mertz@yahoo.com', '2021-05-20T15:40:00.632559Z'),
	(16, 'Tracey', 'Heaney', 'janeth.lind@gmail.com', '2021-05-20T15:40:00.632633Z'),
	(17, 'Elmo', 'Miller', 'denyse.cartwright@hotmail.com', '2021-05-20T15:40:00.632709Z'),
	(18, 'Liz', 'Reynolds', 'estella.howell@yahoo.com', '2021-05-20T15:40:00.632784Z'),
	(19, 'Columbus', 'Baumbach', 'maryjo.rippin@yahoo.com', '2021-05-20T15:40:00.632860Z'),
	(20, 'Jonathon', 'Witting', 'herbert.hauck@hotmail.com', '2021-05-20T15:40:00.632943Z'),
	(21, 'Ramonita', 'Wisozk', 'darin.rutherford@hotmail.com', '2021-05-20T15:40:00.633026Z'),
	(22, 'Lorine', 'Swift', 'lawanna.murphy@yahoo.com', '2021-05-20T15:40:00.633100Z'),
	(23, 'Kisha', 'Senger', 'drew.swift@gmail.com', '2021-05-20T15:40:00.633195Z'),
	(24, 'Malorie', 'Waelchi', 'julian.schulist@yahoo.com', '2021-05-20T15:40:00.633325Z'),
	(25, 'Kelly', 'Gleason', 'tanner.hilpert@yahoo.com', '2021-05-20T15:40:00.633433Z'),
	(26, 'Cleveland', 'Marquardt', 'dahlia.ullrich@hotmail.com', '2021-05-20T15:40:00.633514Z'),
	(27, 'Celine', 'Will', 'aleshia.reinger@yahoo.com', '2021-05-20T15:40:00.633595Z'),
	(28, 'David', 'Towne', 'cathrine.gislason@hotmail.com', '2021-05-20T15:40:00.633867Z'),
	(29, 'Breana', 'Tillman', 'ellan.sipes@hotmail.com', '2021-05-20T15:40:00.634015Z'),
	(30, 'Ruth', 'Littel', 'viva.stanton@yahoo.com', '2021-05-20T15:40:00.634092Z'),
	(31, 'Kathey', 'Doyle', 'maple.herzog@gmail.com', '2021-05-20T15:40:00.634169Z'),
	(32, 'Jewel', 'Dickens', 'zelda.gottlieb@gmail.com', '2021-05-20T15:40:00.634242Z'),
	(33, 'John', 'Effertz', 'alaine.lubowitz@yahoo.com', '2021-05-20T15:40:00.634331Z'),
	(34, 'Alfonso', 'Emmerich', 'dave.bechtelar@gmail.com', '2021-05-20T15:40:00.634399Z'),
	(35, 'Mikaela', 'Thompson', 'boyce.bergstrom@hotmail.com', '2021-05-20T15:40:00.634469Z'),
	(36, 'Ilona', 'Rutherford', 'tanya.ruecker@gmail.com', '2021-05-20T15:40:00.634537Z'),
	(37, 'Sandy', 'Kling', 'tracy.lindgren@yahoo.com', '2021-05-20T15:40:00.634620Z'),
	(38, 'Ronny', 'Ledner', 'kathlyn.daniel@yahoo.com', '2021-05-20T15:40:00.634687Z'),
	(39, 'Jeanie', 'Wunsch', 'lisandra.abshire@hotmail.com', '2021-05-20T15:40:00.634761Z'),
	(40, 'Dan', 'Bins', 'lanny.kuhic@hotmail.com', '2021-05-20T15:40:00.634830Z'),
	(41, 'Solomon', 'Kreiger', 'ione.powlowski@yahoo.com', '2021-05-20T15:40:00.634898Z'),
	(42, 'Hoyt', 'Rodriguez', 'toney.metz@yahoo.com', '2021-05-20T15:40:00.634965Z'),
	(43, 'Bev', 'Ritchie', 'lamont.emmerich@yahoo.com', '2021-05-20T15:40:00.635033Z'),
	(44, 'Sasha', 'Christiansen', 'alonso.quigley@hotmail.com', '2021-05-20T15:40:00.635104Z'),
	(45, 'Dreama', 'Yundt', 'annetta.conn@yahoo.com', '2021-05-20T15:40:00.635170Z'),
	(46, 'Jeana', 'Beer', 'wiley.greenfelder@yahoo.com', '2021-05-20T15:40:00.635245Z'),
	(47, 'Lanell', 'Halvorson', 'isidro.weber@gmail.com', '2021-05-20T15:40:00.635313Z'),
	(48, 'Ed', 'Schmeler', 'cristine.lind@hotmail.com', '2021-05-20T15:40:00.635391Z'),
	(49, 'Pam', 'Reilly', 'ossie.gottlieb@hotmail.com', '2021-05-20T15:40:00.635459Z'),
	(50, 'Benjamin', 'Feeney', 'sergio.hayes@hotmail.com', '2021-05-20T15:40:00.635526Z'),
	(51, 'Augustine', 'Heidenreich', 'vito.sawayn@gmail.com', '2021-05-20T15:40:00.635601Z'),
	(52, 'Brock', 'Schneider', 'lloyd.rohan@gmail.com', '2021-05-20T15:40:00.635667Z'),
	(53, 'Kyle', 'Batz', 'britt.ruecker@gmail.com', '2021-05-20T15:40:00.635734Z'),
	(54, 'Laverne', 'Windler', 'columbus.mcglynn@yahoo.com', '2021-05-20T15:40:00.635813Z'),
	(55, 'Denis', 'Powlowski', 'colene.howe@gmail.com', '2021-05-20T15:40:00.635893Z'),
	(56, 'Kendrick', 'Stokes', 'chris.koelpin@gmail.com', '2021-05-20T15:40:00.636580Z'),
	(57, 'Ronald', 'Ankunding', 'jolene.nitzsche@hotmail.com', '2021-05-20T15:40:00.636769Z'),
	(58, 'Dave', 'Johnston', 'antony.mann@gmail.com', '2021-05-20T15:40:00.636852Z'),
	(59, 'Shasta', 'Okuneva', 'avril.keebler@gmail.com', '2021-05-20T15:40:00.636993Z'),
	(60, 'Jovita', 'Feil', 'wendie.wunsch@yahoo.com', '2021-05-20T15:40:00.637138Z'),
	(61, 'Ebonie', 'Nitzsche', 'ronald.west@yahoo.com', '2021-05-20T15:40:00.637290Z'),
	(62, 'James', 'Rice', 'machelle.mills@hotmail.com', '2021-05-20T15:40:00.637375Z'),
	(63, 'Alexis', 'Orn', 'emely.oberbrunner@hotmail.com', '2021-05-20T15:40:00.637445Z'),
	(64, 'Liberty', 'Franecki', 'angelia.skiles@gmail.com', '2021-05-20T15:40:00.637514Z'),
	(65, 'Ray', 'Purdy', 'rolf.romaguera@yahoo.com', '2021-05-20T15:40:00.637684Z'),
	(66, 'Lon', 'Glover', 'jermaine.franecki@yahoo.com', '2021-05-20T15:40:00.637854Z'),
	(67, 'Cherly', 'Leuschke', 'marty.klein@hotmail.com', '2021-05-20T15:40:00.637998Z'),
	(68, 'Hortensia', 'Hilll', 'noble.pagac@gmail.com', '2021-05-20T15:40:00.638085Z'),
	(69, 'Antonio', 'Langworth', 'jamel.quigley@hotmail.com', '2021-05-20T15:40:00.638150Z'),
	(70, 'Mari', 'Ledner', 'kiersten.lockman@hotmail.com', '2021-05-20T15:40:00.638219Z'),
	(71, 'Linwood', 'Jakubowski', 'zana.schowalter@yahoo.com', '2021-05-20T15:40:00.638283Z'),
	(72, 'Lannie', 'Schneider', 'marquis.effertz@hotmail.com', '2021-05-20T15:40:00.638361Z'),
	(73, 'Arianne', 'Nader', 'adrienne.hamill@gmail.com', '2021-05-20T15:40:00.638428Z'),
	(74, 'Doretta', 'Padberg', 'lavern.howell@yahoo.com', '2021-05-20T15:40:00.638493Z'),
	(75, 'Forest', 'Hudson', 'joe.botsford@gmail.com', '2021-05-20T15:40:00.638565Z'),
	(76, 'Colene', 'Tremblay', 'marcelo.hane@yahoo.com', '2021-05-20T15:40:00.638631Z'),
	(77, 'Deborah', 'Stamm', 'inocencia.adams@hotmail.com', '2021-05-20T15:40:00.638698Z'),
	(78, 'Kym', 'Jenkins', 'elias.medhurst@hotmail.com', '2021-05-20T15:40:00.638774Z'),
	(79, 'Meghan', 'Schulist', 'renetta.macgyver@gmail.com', '2021-05-20T15:40:00.638844Z'),
	(80, 'Shu', 'Herman', 'luigi.roob@hotmail.com', '2021-05-20T15:40:00.638912Z'),
	(81, 'Elinor', 'Bauch', 'angla.cormier@hotmail.com', '2021-05-20T15:40:00.638982Z'),
	(82, 'Mike', 'Raynor', 'tora.boyer@hotmail.com', '2021-05-20T15:40:00.639053Z'),
	(83, 'Jayson', 'Ryan', 'felton.wintheiser@gmail.com', '2021-05-20T15:40:00.639142Z'),
	(84, 'Lavette', 'Runolfsdottir', 'george.schinner@gmail.com', '2021-05-20T15:40:00.639279Z'),
	(85, 'Darrin', 'Koch', 'zelda.ruecker@gmail.com', '2021-05-20T15:40:00.639390Z'),
	(86, 'Letty', 'Purdy', 'earnest.mccullough@hotmail.com', '2021-05-20T15:40:00.639468Z'),
	(87, 'Hector', 'Stamm', 'tory.okeefe@gmail.com', '2021-05-20T15:40:00.639541Z'),
	(88, 'Francisco', 'Roob', 'granville.hahn@yahoo.com', '2021-05-20T15:40:00.639606Z'),
	(89, 'Everett', 'Fritsch', 'andy.strosin@hotmail.com', '2021-05-20T15:40:00.639670Z'),
	(90, 'Emerson', 'Reichel', 'phyllis.feest@yahoo.com', '2021-05-20T15:40:00.639735Z'),
	(91, 'Tonette', 'Hauck', 'merri.kerluke@gmail.com', '2021-05-20T15:40:00.639797Z'),
	(92, 'Nilda', 'Bailey', 'matt.aufderhar@yahoo.com', '2021-05-20T15:40:00.639863Z'),
	(93, 'Randy', 'McCullough', 'micha.connelly@hotmail.com', '2021-05-20T15:40:00.639926Z'),
	(94, 'Felton', 'Cronin', 'manda.hoppe@yahoo.com', '2021-05-20T15:40:00.639990Z'),
	(95, 'Lisandra', 'Corkery', 'beulah.sauer@hotmail.com', '2021-05-20T15:40:00.640073Z'),
	(96, 'Karl', 'Purdy', 'marquerite.lakin@gmail.com', '2021-05-20T15:40:00.640137Z'),
	(97, 'Deanna', 'McClure', 'beverly.mann@gmail.com', '2021-05-20T15:40:00.640197Z'),
	(98, 'Casey', 'Schmitt', 'azucena.skiles@gmail.com', '2021-05-20T15:40:00.640266Z'),
	(99, 'Lauralee', 'Durgan', 'timothy.schmeler@gmail.com', '2021-05-20T15:40:00.640326Z'),
	(100, 'Chun', 'Fay', 'erica.dubuque@gmail.com', '2021-05-20T15:40:00.640388Z');

-- CDS
INSERT INTO t_items (dtype, id, artist_fk, title, price, genre, music_company, description, created_date) VALUES
	('CD', 1, 36, 'The OJays', 83, 'Pop', 'Carroll-Kuhn', 'Sunt repellendus ratione esse quos ea. Quibusdam quisquam id est harum dolores commodi. Similique qui consequatur rerum voluptatum ad reiciendis eos. Dolor et vel odio ea sed quam. Dolor quos veniam et voluptas maiores aut consequatur.', '2021-05-20T15:40:00.651551Z'),
	('CD', 2, 49, 'The Jackson Five', 54, 'Hip Hop', 'Marquardt-Renner', 'Laborum magnam consectetur et quo enim accusantium deleniti. Autem praesentium et sunt minus dolorum facere sit. Quae cum eum quia et dicta.', '2021-05-20T15:40:00.651939Z'),
	('CD', 3, 17, 'Thievery Corporation', 23, 'Hip Hop', 'Parker-Yost', 'Nesciunt repellat sunt et voluptas sapiente est. Natus vel reiciendis odio et in. Error aut vero sunt.', '2021-05-20T15:40:00.652221Z'),
	('CD', 4, 50, 'Creedence Clearwater Revival', 57, 'World', 'Stoltenberg-Windler', 'Dolorum quos voluptas. Necessitatibus porro sapiente et sed. Voluptas sint quibusdam ea iusto velit fugiat provident. Iusto quam similique deleniti fuga nulla. Quis dolore et tenetur veniam sunt.', '2021-05-20T15:40:00.652508Z'),
	('CD', 5, 39, 'Bob Marley and the Wailers', 58, 'Blues', 'Padberg Group', 'Molestias autem dolorem. Earum dolorum quis accusamus aliquid ut rerum. Qui et dolores a et facilis aut. A rerum modi.', '2021-05-20T15:40:00.652929Z'),
	('CD', 6, 49, 'The Doors', 7, 'Rock', 'Crona, Hodkiewicz and Dooley', 'Voluptate a ea. Voluptatibus sunt consectetur asperiores sit. Distinctio velit eligendi sunt qui necessitatibus a voluptatibus.', '2021-05-20T15:40:00.653217Z'),
	('CD', 7, 27, 'Janis Joplin and Big Brother and the Holding Company', 31, 'Folk', 'Maggio-Kassulke', 'Qui id quidem. Ipsa voluptatem temporibus repellat ullam. Voluptas aliquam quia totam autem et. Quos eveniet repellat aliquam aperiam fuga. In esse aut impedit eveniet ipsam architecto.', '2021-05-20T15:40:00.653523Z'),
	('CD', 8, 18, 'Bon Jovi', 48, 'Hip Hop', 'Beahan-Rolfson', 'Blanditiis cum voluptas vel omnis. Quisquam cupiditate corporis sit molestiae ut. Accusantium quisquam est dolor magnam ab rerum officia. Deleniti laudantium blanditiis qui amet et nihil. Totam amet ipsam vel et.', '2021-05-20T15:40:00.653826Z'),
	('CD', 9, 54, 'Duran Duran', 62, 'World', 'Lebsack, Rowe and Feeney', 'Minus dolor quia id qui dolores magnam. Ducimus nostrum dolorem consequatur illum aut. Dolores sit qui ea quia officiis animi libero.', '2021-05-20T15:40:00.654109Z'),
	('CD', 10, 50, 'Iron Maiden', 68, 'Classical', 'Olson Group', 'Facere aut saepe enim. Eligendi et est. Repellat quia qui id ut maiores. Asperiores unde nihil tenetur ea deserunt iure optio. Tempora cupiditate velit qui rerum et rerum in.', '2021-05-20T15:40:00.654454Z'),
	('CD', 11, 85, 'Coldplay', 2, 'World', 'Flatley-Predovic', 'Ut maiores rerum. Nobis exercitationem magnam est. Non sint est expedita quia ex praesentium placeat. Ut quidem laborum quam ipsam autem doloribus et.', '2021-05-20T15:40:00.654728Z'),
	('CD', 12, 63, 'Rush', 81, 'World', 'Hauck Group', 'Est dolorem itaque. Adipisci sed modi aperiam quod sit omnis repudiandae. Occaecati suscipit deserunt et consequuntur dolor qui provident. Vitae sapiente officiis enim deserunt id laudantium.', '2021-05-20T15:40:00.655012Z'),
	('CD', 13, 12, 'The Roots', 30, 'Electronic', 'OConnell Group', 'Ad ipsum distinctio. Sed corrupti et sed non. Amet natus facere quia molestiae. Magni occaecati eveniet est placeat. Accusamus aut eveniet itaque consequatur et voluptas.', '2021-05-20T15:40:00.655270Z'),
	('CD', 14, 5, 'King Crimson', 34, 'Reggae', 'Boehm Inc', 'Rerum exercitationem minus qui. Et dolores id dolorem necessitatibus. Praesentium veritatis animi quo quia maiores est. Id odio facere unde a pariatur at asperiores.', '2021-05-20T15:40:00.655498Z'),
	('CD', 15, 43, 'Aerosmith', 41, 'Non Music', 'Wisoky LLC', 'Repudiandae aperiam molestiae consequuntur. Officia natus dolorem fugiat dolor. Nobis tempora vero aliquid dolorem quos excepturi. Dolor quidem sed error assumenda.', '2021-05-20T15:40:00.655741Z'),
	('CD', 16, 55, 'King Crimson', 20, 'Reggae', 'Fay, Kling and Jones', 'Dignissimos pariatur eveniet sit. Quisquam neque ducimus omnis excepturi facere reiciendis. Dolorem quas nulla aut. Praesentium velit ut voluptatem.', '2021-05-20T15:40:00.655969Z'),
	('CD', 17, 12, 'The Beatles', 58, 'Reggae', 'Spencer-Runolfsdottir', 'Est corporis fugiat voluptatem hic aperiam. Distinctio sunt consequatur. Et repellendus quia facilis aut consequuntur perspiciatis commodi.', '2021-05-20T15:40:00.656203Z'),
	('CD', 18, 69, 'James Brown and the JBs', 30, 'World', 'Johnson Group', 'Tempore et eveniet vitae non. Aperiam accusantium dolorum. Consequatur deserunt illo qui. Reiciendis quis dolor qui voluptatum dolorem cum.', '2021-05-20T15:40:00.656497Z'),
	('CD', 19, 11, 'Duran Duran', 35, 'Rap', 'Price, Braun and Hansen', 'Velit possimus sunt qui. Voluptates voluptatem ullam voluptatem tempore sit. Dolorem dignissimos voluptas libero quo sit.', '2021-05-20T15:40:00.656744Z'),
	('CD', 20, 73, 'Bruce Springsteen & The E Street Band', 27, 'Funk', 'Dietrich and Sons', 'Sapiente ut reprehenderit exercitationem nihil deserunt et laborum. Maxime explicabo maxime consequatur a nemo ut. Quis totam eos aut ea. Veritatis neque aliquam. Perferendis neque aliquid quibusdam ipsam alias.', '2021-05-20T15:40:00.656984Z'),
	('CD', 21, 62, 'AC/DC', 90, 'Electronic', 'Weissnat-Rogahn', 'Magni nobis iste excepturi nesciunt laudantium voluptatem. Iste et necessitatibus hic sit maxime eaque. Minus tempora alias. Similique dignissimos ut. Enim minima rerum deserunt et.', '2021-05-20T15:40:00.657237Z'),
	('CD', 22, 7, 'Janis Joplin and Big Brother and the Holding Company', 62, 'Hip Hop', 'Gutmann, Halvorson and Swift', 'Deserunt voluptatem id fuga. Repudiandae doloremque suscipit ipsam qui. Quo ea quasi sint dolorum. Et alias voluptatem nemo debitis veniam. Ipsam eaque sequi consequuntur voluptates nemo.', '2021-05-20T15:40:00.657518Z'),
	('CD', 23, 62, 'The Jimi Hendrix Experience', 33, 'Country', 'Conroy, Hermann and Prohaska', 'Laboriosam impedit magni laudantium reprehenderit voluptatem hic sit. Sapiente aspernatur inventore ut voluptatibus velit molestiae. Qui ipsam sint voluptatibus sint quibusdam. Porro qui ut.', '2021-05-20T15:40:00.657782Z'),
	('CD', 24, 37, 'Blind Faith', 86, 'Country', 'Zulauf Group', 'Similique eos aut rerum. Vero accusamus maiores. Assumenda corporis accusamus et voluptatem neque amet quis. Similique perferendis sed. Maiores porro eaque tempore nobis ea ex.', '2021-05-20T15:40:00.658024Z'),
	('CD', 25, 14, 'Isaac Hayes and the Movement', 68, 'Non Music', 'King, Heidenreich and Hoppe', 'Aut sint porro ad expedita asperiores. Id sequi laboriosam. Necessitatibus quae iste harum qui.', '2021-05-20T15:40:00.658229Z'),
	('CD', 26, 79, 'Thievery Corporation', 79, 'Reggae', 'Jenkins, Quigley and Doyle', 'Nam in enim molestiae aut dolor similique voluptates. Architecto quas autem. Facere quisquam libero deserunt quis eveniet.', '2021-05-20T15:40:00.658478Z'),
	('CD', 27, 65, 'Traffic', 16, 'Reggae', 'Lehner-Zboncak', 'Odit aliquid qui sapiente. Impedit sapiente voluptatum dignissimos. Accusamus ea nesciunt rerum. Quas repudiandae odit voluptas reiciendis quis eaque natus.', '2021-05-20T15:40:00.658699Z'),
	('CD', 28, 49, 'Blind Faith', 64, 'Stage And Screen', 'Anderson-Schimmel', 'Consectetur ut blanditiis quas. Veniam deserunt laudantium maiores. Et sed blanditiis excepturi quis. Maiores et veniam porro ipsa in veritatis fuga. Minus cupiditate dolorum minus quo deleniti ad.', '2021-05-20T15:40:00.659224Z'),
	('CD', 29, 79, 'Audioslave', 88, 'Country', 'Volkman-Blanda', 'Iste id sapiente et velit beatae. Aut aut pariatur architecto magni. Eum praesentium non est et.', '2021-05-20T15:40:00.659625Z'),
	('CD', 30, 62, 'Derek and the Dominos', 82, 'Jazz', 'Labadie-Kessler', 'Autem reiciendis corrupti ratione dolores autem. Aliquid ut et iusto est velit. Necessitatibus illo consequatur voluptatem et nesciunt quam. A id expedita et est.', '2021-05-20T15:40:00.659878Z'),
	('CD', 31, 20, 'The Beatles', 54, 'Electronic', 'Block LLC', 'Ipsam est et eum rerum. Sed vero nihil. Accusamus quam ut.', '2021-05-20T15:40:00.660060Z'),
	('CD', 32, 89, 'Blind Faith', 71, 'Hip Hop', 'Roob and Sons', 'Et laborum rem cum. Magni non autem ipsum. Ut ab quasi illo vitae ullam quam. Non est animi labore.', '2021-05-20T15:40:00.660362Z'),
	('CD', 33, 56, 'The Talking Heads', 2, 'Classical', 'Romaguera-Mertz', 'Nihil est et ipsa distinctio sunt eum assumenda. Corrupti a ut autem distinctio suscipit doloribus eius. Ea qui repellat soluta. Dignissimos asperiores quo tenetur sapiente provident beatae enim. Voluptatem et cum odit itaque.', '2021-05-20T15:40:00.660703Z'),
	('CD', 34, 19, 'Creedence Clearwater Revival', 2, 'Rock', 'Hoppe, Tremblay and Will', 'Excepturi natus vel autem doloribus est pariatur earum. Et voluptatem vel consectetur. Et nulla eos libero ullam et. Dolor excepturi vitae sit voluptatem.', '2021-05-20T15:40:00.660947Z'),
	('CD', 35, 38, 'Led Zeppelin', 70, 'Funk', 'Franecki Group', 'Voluptas sit hic atque et qui. Labore odio neque omnis. Ut et debitis aut qui sapiente. Voluptas praesentium natus voluptatum aliquid quae.', '2021-05-20T15:40:00.661179Z'),
	('CD', 36, 62, 'Crosby, Stills, Nash and Young', 2, 'Blues', 'Armstrong, Orn and Larkin', 'Animi dolores eos suscipit cum ut et. Dolorem unde deserunt nobis ea. Maiores natus qui rerum hic earum tempore. Est et laborum qui molestias iste est aspernatur.', '2021-05-20T15:40:00.661457Z'),
	('CD', 37, 48, 'The Rolling Stones', 52, 'World', 'Cole LLC', 'Laudantium iure ut ducimus non voluptatem praesentium. Animi quia enim laboriosam nisi ullam. Debitis sunt voluptatem qui non provident minima vitae. Repudiandae laboriosam est beatae itaque dolore.', '2021-05-20T15:40:00.661675Z'),
	('CD', 38, 78, 'Kansas', 57, 'Blues', 'Rowe-Bernier', 'Reiciendis ut dolores aliquid esse maiores sed aut. Sapiente sit fugiat consequuntur quo rerum voluptas. Soluta qui laborum consequatur architecto quas eos. Autem vitae cum temporibus.', '2021-05-20T15:40:00.661912Z'),
	('CD', 39, 11, 'The Orb', 53, 'Latin', 'Hilpert Inc', 'Dolorem odit nobis quidem. Sit repudiandae at sit velit itaque doloremque esse. Culpa consectetur ratione.', '2021-05-20T15:40:00.662116Z'),
	('CD', 40, 74, 'Dixie Chicks', 11, 'Non Music', 'Mayert and Sons', 'Ut excepturi minima deserunt error. Modi vel et recusandae sit repellat. Molestiae et sunt distinctio. Voluptatem quo nisi nesciunt.', '2021-05-20T15:40:00.662321Z'),
	('CD', 41, 23, 'The Beastie Boys', 22, 'Hip Hop', 'Stiedemann LLC', 'Dolore et et. Quis autem labore rerum dolorum laudantium qui. Ab voluptas incidunt iste sunt rem amet. Voluptatem blanditiis ad dolore laboriosam deserunt fugiat expedita.', '2021-05-20T15:40:00.662802Z'),
	('CD', 42, 63, 'AC/DC', 57, 'Folk', 'Tillman, Ankunding and Kuhlman', 'Natus culpa aut. Est quisquam repellat. Corrupti iste vel. Ex dicta nam alias et cupiditate ducimus quos.', '2021-05-20T15:40:00.663057Z'),
	('CD', 43, 45, 'Journey', 10, 'Classical', 'Considine Group', 'Quibusdam perspiciatis corrupti aut quos in rerum alias. Est qui deserunt quisquam officia deserunt odio. Sit exercitationem quae quod.', '2021-05-20T15:40:00.663278Z'),
	('CD', 44, 56, 'Thievery Corporation', 2, 'Country', 'Carroll-Kuhlman', 'Ex quis maiores neque dolore deleniti dolores molestias. Nihil et autem quia rerum esse magni. Consequatur tenetur consequatur rerum. Fugit doloribus consequatur est magni libero quos necessitatibus.', '2021-05-20T15:40:00.663520Z'),
	('CD', 45, 16, 'Aerosmith', 75, 'Rock', 'Harvey Inc', 'Perferendis recusandae praesentium sit. Et tempora iste sed sed sed. Nobis voluptas non animi maiores laudantium. Dolorum quia atque.', '2021-05-20T15:40:00.663733Z'),
	('CD', 46, 52, 'U2', 51, 'Non Music', 'Gutmann-Padberg', 'Excepturi enim nemo harum blanditiis. Quo iste at. Eveniet neque ut temporibus. Qui sit sit molestiae unde doloremque. Et quo explicabo corporis aut.', '2021-05-20T15:40:00.663977Z'),
	('CD', 47, 72, 'Rage Against The Machine', 37, 'Non Music', 'Parisian-Windler', 'Expedita quia sint et sit ab eum. Sunt nihil similique ea rerum esse at. Explicabo placeat consequatur itaque. Minima vel culpa. Nesciunt et consectetur minus debitis quia quis.', '2021-05-20T15:40:00.664221Z'),
	('CD', 48, 79, 'Deep Purple', 25, 'Hip Hop', 'Funk, Bernhard and Tremblay', 'Totam dolorum voluptas qui culpa. Voluptates quidem consectetur omnis excepturi corporis. Magni ut qui.', '2021-05-20T15:40:00.664419Z'),
	('CD', 49, 78, 'Pearl Jam', 29, 'Stage And Screen', 'Fadel-Wunsch', 'Ab delectus quia vel blanditiis sed vitae repellendus. Vero temporibus voluptatem sed. Similique a libero voluptatem perspiciatis. Quo eum pariatur nisi molestiae dolores deleniti omnis. Corporis non omnis.', '2021-05-20T15:40:00.664663Z'),
	('CD', 50, 60, 'Genesis', 81, 'Rock', 'Bergstrom, Crooks and Green', 'Quasi dolore quibusdam laboriosam ipsam deleniti fuga excepturi. Voluptas nisi earum nihil at eligendi. Nobis sed reprehenderit id et. Repellendus optio corporis. Perspiciatis amet qui rerum voluptatem.', '2021-05-20T15:40:00.665007Z'),
	('CD', 51, 64, 'The Grateful Dead', 11, 'Hip Hop', 'Rosenbaum Inc', 'Ad eos exercitationem tempora quibusdam. Nostrum qui sed voluptatem minus nisi. Velit voluptate eligendi ut eos inventore voluptas. Tempora repellendus tempora aut omnis dolorem. Quis nobis magnam sunt numquam.', '2021-05-20T15:40:00.665279Z'),
	('CD', 52, 25, 'The Eagles', 74, 'Classical', 'Ratke-Kozey', 'Quo repudiandae enim cupiditate nihil velit. Facere quis iste eos voluptatibus occaecati officia aliquid. Ut aliquid doloribus molestias in suscipit nostrum dolorem. Reprehenderit eos aliquid fugit voluptates ad.', '2021-05-20T15:40:00.665575Z'),
	('CD', 53, 79, 'Journey', 45, 'Latin', 'Ledner-Bosco', 'Facere sint ut officiis nihil animi suscipit. Nisi eum non fugiat dicta. Aut eligendi sit.', '2021-05-20T15:40:00.665750Z'),
	('CD', 54, 29, 'Nirvana', 41, 'Blues', 'White-Pfeffer', 'Consequatur cupiditate esse a. Qui consequatur facilis architecto. Laboriosam ratione porro. Sequi beatae impedit qui quos quibusdam est.', '2021-05-20T15:40:00.665950Z'),
	('CD', 55, 27, 'The Beach Boys', 71, 'Folk', 'Hessel-Legros', 'Deleniti deleniti quis tenetur sit ratione. Vero quibusdam unde eum. Qui consequatur sed. Dolorem quae fugiat illo accusamus. Dicta omnis dicta quas placeat exercitationem.', '2021-05-20T15:40:00.666152Z'),
	('CD', 56, 52, 'Dixie Chicks', 71, 'Country', 'Kovacek, Gutkowski and Monahan', 'Aspernatur nihil voluptatem non doloremque eum occaecati quia. Quo earum error voluptatem sed in. Non nihil dolor eos beatae eum optio perferendis. Quis occaecati dicta repellendus eos quos magnam molestiae. Cupiditate fugiat ex accusamus nobis veniam nesciunt debitis.', '2021-05-20T15:40:00.666434Z'),
	('CD', 57, 62, 'Queen', 54, 'Non Music', 'Bauch-Klein', 'Vitae at quam voluptas quam et. Consequatur minus molestiae eius modi. Facere quod consequatur distinctio a qui. Totam itaque quia laboriosam. Enim sed dolorum voluptatem.', '2021-05-20T15:40:00.666656Z'),
	('CD', 58, 75, 'The Doors', 52, 'Funk', 'Kling Group', 'Sapiente non aut. Aut autem debitis ut officia sint. Ea dolores vel aut assumenda tempora ullam fugiat.', '2021-05-20T15:40:00.666828Z'),
	('CD', 59, 13, 'No Doubt', 1, 'Soul', 'Shields, Krajcik and Welch', 'Consequuntur id ut eum quis consequatur. Qui iusto possimus cum. Autem ipsum magnam officiis minima. Autem totam est est alias ut. Ullam ducimus rerum id est aperiam autem.', '2021-05-20T15:40:00.667076Z'),
	('CD', 60, 8, 'The Clash', 37, 'Funk', 'Brekke Inc', 'Possimus laborum eum ipsam aperiam. Dicta beatae vero nihil quaerat vel. Eum aut sint dolores aspernatur provident nisi doloribus.', '2021-05-20T15:40:00.667274Z'),
	('CD', 61, 48, 'The Jackson Five', 67, 'Blues', 'Skiles Group', 'Est unde nemo. Sequi rerum neque minus maiores. Ipsa dolore molestiae deleniti fugiat assumenda. Vero repellat vel cupiditate nam pariatur atque ut.', '2021-05-20T15:40:00.667465Z'),
	('CD', 62, 40, 'Motley Crue', 8, 'Hip Hop', 'Shields Group', 'Aut asperiores praesentium enim et numquam laborum. Id et similique reiciendis sunt amet. Libero odit nostrum aut quia qui officiis officia.', '2021-05-20T15:40:00.667661Z'),
	('CD', 63, 70, 'Janis Joplin and Big Brother and the Holding Company', 33, 'Electronic', 'Mohr, Wisozk and Pfannerstill', 'Rerum in ut. Quia similique est est. Esse quam minus. Id at earum. Voluptates voluptatem voluptatem.', '2021-05-20T15:40:00.667897Z'),
	('CD', 64, 27, 'Genesis', 10, 'Funk', 'Bode, Dooley and Herzog', 'Magni nam quia quam minus voluptatem perspiciatis est. Delectus rerum at qui quasi inventore laboriosam. Odit quia nihil. Beatae consequatur nihil qui numquam. Quis laborum cumque vel asperiores accusamus accusantium quaerat.', '2021-05-20T15:40:00.668203Z'),
	('CD', 65, 60, 'Aerosmith', 41, 'Soul', 'Stoltenberg, Bogisich and Cartwright', 'Dolores et aut illum omnis. Eligendi odit vel dolor debitis. Aliquid earum inventore id ea fugiat autem.', '2021-05-20T15:40:00.668410Z'),
	('CD', 66, 78, 'The Roots', 12, 'Jazz', 'Jast, Wolff and Fahey', 'Aperiam laudantium sed. Placeat omnis eum iure molestiae sunt nihil quae. Omnis rerum distinctio dolor impedit.', '2021-05-20T15:40:00.668659Z'),
	('CD', 67, 39, 'Earth Wind and Fire', 72, 'World', 'Bailey-Mueller', 'Ut dolor fugit corporis qui at. Vel facilis alias. Blanditiis explicabo id.', '2021-05-20T15:40:00.668887Z'),
	('CD', 68, 61, 'David Bowie and The Spiders From Mars', 35, 'World', 'Smitham LLC', 'Ut eaque quisquam magni labore accusamus. Officiis assumenda aut qui neque veniam laboriosam. Temporibus et et natus possimus vel. Fugit et explicabo aut quo. Sed veritatis amet quibusdam.', '2021-05-20T15:40:00.669134Z'),
	('CD', 69, 90, 'Dixie Chicks', 56, 'Soul', 'Batz Group', 'Harum quidem impedit. Nemo porro et. Officia sequi suscipit vero quas.', '2021-05-20T15:40:00.669305Z'),
	('CD', 70, 79, 'Aerosmith', 90, 'Reggae', 'Stroman-Rice', 'Occaecati ipsam consectetur fuga voluptate ex deserunt. Dicta labore nihil adipisci rerum. Voluptatem distinctio tempora corporis perferendis atque vero atque.', '2021-05-20T15:40:00.669505Z'),
	('CD', 71, 78, 'Motorhead', 61, 'Blues', 'Monahan, Bosco and Gibson', 'Natus alias consequuntur eos sapiente laboriosam voluptatem ut. Nobis voluptas eveniet doloremque. Quia exercitationem dicta maiores cumque quo aspernatur. Quis culpa architecto ducimus. Sunt aspernatur qui alias voluptatem nemo.', '2021-05-20T15:40:00.669739Z'),
	('CD', 72, 82, 'Soundgarden', 22, 'Classical', 'Heathcote-Trantow', 'Velit dolores pariatur velit sit aut excepturi. Dolore eos hic impedit minus tempore. Sed blanditiis sint ipsum atque ipsum.', '2021-05-20T15:40:00.669944Z'),
	('CD', 73, 37, 'Rush', 40, 'Hip Hop', 'Walker-Reynolds', 'Quo suscipit eligendi facilis reprehenderit. Consequuntur ea sint laborum alias est. Omnis aut non iure nam aut labore. Qui ea et fugiat voluptatibus possimus.', '2021-05-20T15:40:00.670171Z'),
	('CD', 74, 41, 'Fleetwood Mac', 55, 'Soul', 'Tremblay Inc', 'Maiores accusantium reprehenderit provident qui molestiae. Aliquid aperiam ut et et dolor. Quidem mollitia ab quia. Et tempore voluptatem quibusdam id pariatur.', '2021-05-20T15:40:00.670360Z'),
	('CD', 75, 60, 'Bruce Springsteen & The E Street Band', 16, 'Pop', 'McDermott and Sons', 'Nihil esse neque delectus aliquam. Aliquid ut eligendi eius. Repellat culpa consequatur ipsum qui dolorum.', '2021-05-20T15:40:00.670528Z'),
	('CD', 76, 17, 'Lynyrd Skynyrd', 82, 'Stage And Screen', 'Reilly LLC', 'Beatae sit sed omnis quia similique. Commodi accusamus similique sit numquam illo. Ut inventore voluptas quisquam natus et optio et.', '2021-05-20T15:40:00.670746Z'),
	('CD', 77, 27, 'Coldplay', 58, 'Latin', 'Morissette, Upton and Senger', 'Adipisci saepe quibusdam in recusandae velit. Eligendi sed placeat. Amet rerum illum sapiente at aut illo.', '2021-05-20T15:40:00.670944Z'),
	('CD', 78, 15, 'Janis Joplin and Big Brother and the Holding Company', 53, 'Reggae', 'Mohr, Rowe and Huels', 'Et reiciendis maxime ea at. Perspiciatis maiores vero quod. Libero perspiciatis nam ex. Consequatur dolorem excepturi vel voluptatem.', '2021-05-20T15:40:00.671158Z'),
	('CD', 79, 46, 'Alice In Chains', 89, 'Hip Hop', 'Nienow, Satterfield and Effertz', 'Quae est non quis occaecati. Suscipit deserunt laborum cumque suscipit beatae. Et eum nesciunt.', '2021-05-20T15:40:00.671346Z'),
	('CD', 80, 44, 'Blondie', 69, 'Jazz', 'Hauck-Johnston', 'Consequatur vitae quae fugiat debitis vel. Eius tempore quasi. Et voluptate illum voluptatem. Recusandae repellat et perspiciatis porro.', '2021-05-20T15:40:00.671533Z'),
	('CD', 81, 8, 'Dire Straits', 47, 'Soul', 'Bechtelar-Koelpin', 'Molestiae alias labore adipisci quia enim asperiores et. Illo impedit nemo porro adipisci. Nulla eos explicabo itaque corrupti. Quas a ratione pariatur blanditiis sunt magnam aut. Debitis id minus aut et dolorem quo perspiciatis.', '2021-05-20T15:40:00.671779Z'),
	('CD', 82, 44, 'The Band', 46, 'Latin', 'Kirlin LLC', 'Saepe eaque molestias iure ratione sapiente et exercitationem. Nobis reiciendis repellat nihil sequi adipisci. Quis rerum sed animi. Vitae doloribus magnam id ea ea cumque. Quasi sed autem.', '2021-05-20T15:40:00.672080Z'),
	('CD', 83, 34, 'The Beatles', 87, 'Blues', 'Kshlerin-Jacobi', 'Omnis aut consectetur nam. Rerum officiis quaerat voluptatem excepturi sint eveniet. Enim tempore dolor repellat odit accusamus. Quis animi ut aliquid sint voluptatem voluptatem architecto.', '2021-05-20T15:40:00.672297Z'),
	('CD', 84, 32, 'The Orb', 14, 'Electronic', 'Kuhn Group', 'Minima porro minus quaerat doloremque laborum. Et ex qui ab eum perferendis. Magnam est fugiat maiores. Quae aut architecto dolorem quas.', '2021-05-20T15:40:00.672478Z'),
	('CD', 85, 75, 'David Bowie and The Spiders From Mars', 69, 'Classical', 'Gibson Inc', 'Modi cumque odio mollitia autem. Ipsum soluta vero iure ullam consequatur. Ut harum deleniti commodi. Quia ipsa corporis dolores consequatur repudiandae minus veniam. Soluta quia consequatur dolorem in eum maiores voluptatem.', '2021-05-20T15:40:00.673028Z'),
	('CD', 86, 35, 'Orbital', 25, 'Reggae', 'Cole, Senger and Keeling', 'Sit sequi ut voluptatem exercitationem ea. Molestias cumque quibusdam cupiditate voluptatibus. Laborum et velit et commodi placeat. Voluptatem similique nemo officia aperiam. Odit non magnam iure minima rerum veritatis est.', '2021-05-20T15:40:00.673555Z'),
	('CD', 87, 38, 'Isaac Hayes and the Movement', 38, 'Funk', 'Von-Lesch', 'Quia quisquam esse enim qui. Architecto odio fuga necessitatibus provident. Sunt velit amet quam unde ullam distinctio nulla.', '2021-05-20T15:40:00.673843Z'),
	('CD', 88, 51, 'Nirvana', 33, 'Pop', 'Sanford Group', 'Neque eos ea eum. Consequatur id dolor omnis ut iure molestiae laboriosam. Et quia facilis laboriosam ut doloribus impedit.', '2021-05-20T15:40:00.674168Z'),
	('CD', 89, 75, 'Tool', 78, 'Rap', 'Koepp and Sons', 'Recusandae est omnis maiores qui. Magnam ipsa quo qui qui et. Nemo laborum tempore omnis accusamus qui.', '2021-05-20T15:40:00.674391Z'),
	('CD', 90, 77, 'The Cure', 4, 'Blues', 'Murazik-Connelly', 'Aspernatur facilis in deserunt. Iste eligendi aut. Eum vitae et neque magni. Dolores temporibus sint ab itaque earum suscipit.', '2021-05-20T15:40:00.674884Z'),
	('CD', 91, 81, 'The Band', 13, 'Reggae', 'Tromp LLC', 'Explicabo rerum consectetur sapiente fugit. Quo magni et et. Corporis nulla alias laudantium libero itaque et. Illum similique sunt aut commodi.', '2021-05-20T15:40:00.675165Z'),
	('CD', 92, 68, 'Isaac Hayes and the Movement', 38, 'World', 'Douglas and Sons', 'Repellat quaerat et libero recusandae deserunt. Quod ut est ducimus est commodi. Dicta eius debitis. In optio inventore dolor iusto ab saepe.', '2021-05-20T15:40:00.675507Z'),
	('CD', 93, 47, 'Lynyrd Skynyrd', 44, 'Soul', 'Emard-Renner', 'Et qui id et eum et. Velit esse et. Ipsum impedit nemo debitis soluta perspiciatis ullam.', '2021-05-20T15:40:00.675709Z'),
	('CD', 94, 28, 'The Bee Gees', 30, 'Pop', 'Block, Senger and Anderson', 'Possimus sed est vitae autem. Sequi harum cumque natus repellat quia. Asperiores ea est exercitationem. Dolores saepe sequi occaecati amet. Fugiat est quisquam.', '2021-05-20T15:40:00.675940Z'),
	('CD', 95, 26, 'The Rolling Stones', 10, 'Electronic', 'Bradtke and Sons', 'Nihil quis omnis. Corrupti aut illum. Tempora totam illum pariatur et. Delectus aut voluptatem doloremque eius nihil a. Non occaecati omnis ut cumque ipsum quia.', '2021-05-20T15:40:00.676155Z'),
	('CD', 96, 87, 'Jethro Tull', 45, 'Funk', 'Jakubowski LLC', 'Quo sit numquam. Et corrupti eum omnis. Deserunt non cumque molestiae rerum.', '2021-05-20T15:40:00.676306Z'),
	('CD', 97, 55, 'Prince and the Revolution', 46, 'Rap', 'Altenwerth-Hirthe', 'Distinctio alias commodi quisquam. Rerum corrupti odit reprehenderit iure harum ab quam. Est praesentium distinctio praesentium qui.', '2021-05-20T15:40:00.676550Z'),
	('CD', 98, 52, 'The Orb', 64, 'Soul', 'Walter, Purdy and Nicolas', 'Facilis quam suscipit. Illum magni temporibus rerum autem perspiciatis maxime saepe. Omnis sed provident sunt illum suscipit labore atque.', '2021-05-20T15:40:00.676923Z'),
	('CD', 99, 20, 'Guns N Roses', 85, 'Hip Hop', 'Beatty-Wiegand', 'Et qui qui voluptatem sit. Maiores nihil aut et. Similique hic est dolores voluptas ipsam. Tempore dicta beatae illo consequatur vel molestias.', '2021-05-20T15:40:00.677123Z'),
	('CD', 100, 70, 'Boston', 32, 'Electronic', 'Nienow, Harvey and Hettinger', 'Occaecati eos aperiam nobis aut qui ut consequatur. Qui pariatur ducimus quo est nisi recusandae harum. Fuga dicta omnis non. Necessitatibus odio velit non.', '2021-05-20T15:40:00.677355Z');

-- TRACKS
INSERT INTO t_tracks (id, cd_fk, title, duration, created_date) VALUES
	(1, 23, 'Liv Good', 233, '2021-05-20T15:40:00.680556Z'),
	(2, 63, 'Hope Ferterbest', 977, '2021-05-20T15:40:00.680666Z'),
	(3, 88, 'Denny Juan Heredatt', 826, '2021-05-20T15:40:00.680727Z'),
	(4, 52, 'Art Major', 387, '2021-05-20T15:40:00.680779Z'),
	(5, 61, 'Cam Payne', 456, '2021-05-20T15:40:00.680825Z'),
	(6, 71, 'Macon Paine', 866, '2021-05-20T15:40:00.680871Z'),
	(7, 52, 'Nida Lyte', 658, '2021-05-20T15:40:00.680917Z'),
	(8, 12, 'Jade Stone', 58, '2021-05-20T15:40:00.680966Z'),
	(9, 22, 'Candice B. DePlace', 613, '2021-05-20T15:40:00.681010Z'),
	(10, 43, 'Willie Waite', 510, '2021-05-20T15:40:00.681053Z'),
	(11, 73, 'Tommy Gunn', 662, '2021-05-20T15:40:00.681094Z'),
	(12, 15, 'Sandy Spring', 11, '2021-05-20T15:40:00.681140Z'),
	(13, 56, 'Art Sellers', 316, '2021-05-20T15:40:00.681184Z'),
	(14, 48, 'Chrystal Glass', 376, '2021-05-20T15:40:00.681230Z'),
	(15, 17, 'Bo D. Satva', 610, '2021-05-20T15:40:00.681292Z'),
	(16, 42, 'Ima Klotz', 372, '2021-05-20T15:40:00.681334Z'),
	(17, 79, 'Les Moore', 464, '2021-05-20T15:40:00.681382Z'),
	(18, 36, 'Vlad Tire', 116, '2021-05-20T15:40:00.681430Z'),
	(19, 45, 'Dale E. Bread', 28, '2021-05-20T15:40:00.681476Z'),
	(20, 31, 'Bill Ding', 764, '2021-05-20T15:40:00.681518Z'),
	(21, 11, 'Rhoda Mule', 840, '2021-05-20T15:40:00.681561Z'),
	(22, 81, 'Constance Noring', 321, '2021-05-20T15:40:00.681607Z'),
	(23, 78, 'Anne T. Lope', 712, '2021-05-20T15:40:00.681666Z'),
	(24, 40, 'Lucy Fer', 756, '2021-05-20T15:40:00.681736Z'),
	(25, 85, 'Bud Weiser', 612, '2021-05-20T15:40:00.681806Z'),
	(26, 85, 'Robin DeCraydle', 205, '2021-05-20T15:40:00.681869Z'),
	(27, 38, 'Raynor Schein', 874, '2021-05-20T15:40:00.681922Z'),
	(28, 37, 'Lucy Fer', 649, '2021-05-20T15:40:00.682023Z'),
	(29, 58, 'Misty Meanor', 396, '2021-05-20T15:40:00.682141Z'),
	(30, 63, 'Doris Open', 573, '2021-05-20T15:40:00.682246Z'),
	(31, 77, 'Chip Munk', 347, '2021-05-20T15:40:00.682312Z'),
	(32, 43, 'Harry R. M. Pitts', 209, '2021-05-20T15:40:00.682374Z'),
	(33, 29, 'Candice B. Fureal', 444, '2021-05-20T15:40:00.682423Z'),
	(34, 51, 'Liv Long', 499, '2021-05-20T15:40:00.682502Z'),
	(35, 52, 'Ron A. Muck', 475, '2021-05-20T15:40:00.682579Z'),
	(36, 41, 'Juana Bea', 613, '2021-05-20T15:40:00.682650Z'),
	(37, 80, 'Hilda Climb', 495, '2021-05-20T15:40:00.682716Z'),
	(38, 48, 'Sandy Beech', 80, '2021-05-20T15:40:00.682801Z'),
	(39, 67, 'Barry D. Hatchett', 408, '2021-05-20T15:40:00.682879Z'),
	(40, 9, 'Macon Paine', 372, '2021-05-20T15:40:00.682993Z'),
	(41, 23, 'Emile Eaton', 177, '2021-05-20T15:40:00.683049Z'),
	(42, 33, 'Sandy Beech', 195, '2021-05-20T15:40:00.683101Z'),
	(43, 80, 'Mabel Syrup', 941, '2021-05-20T15:40:00.683142Z'),
	(44, 4, 'Cam Payne', 10, '2021-05-20T15:40:00.683183Z'),
	(45, 16, 'Bud Weiser', 88, '2021-05-20T15:40:00.683223Z'),
	(46, 17, 'Doug Graves', 929, '2021-05-20T15:40:00.683262Z'),
	(47, 19, 'I. P. Daly', 165, '2021-05-20T15:40:00.683301Z'),
	(48, 18, 'Claire Voyance', 815, '2021-05-20T15:40:00.683338Z'),
	(49, 60, 'Tamara Knight', 293, '2021-05-20T15:40:00.683376Z'),
	(50, 6, 'Jane Linkfence', 952, '2021-05-20T15:40:00.683414Z'),
	(51, 31, 'Bill Ding', 691, '2021-05-20T15:40:00.683452Z'),
	(52, 57, 'Sally Forth', 615, '2021-05-20T15:40:00.683584Z'),
	(53, 86, 'Bill Loney', 647, '2021-05-20T15:40:00.683633Z'),
	(54, 87, 'Leigh King', 596, '2021-05-20T15:40:00.683667Z'),
	(55, 76, 'Cy Burns', 422, '2021-05-20T15:40:00.683697Z'),
	(56, 66, 'Mark Z. Spot', 850, '2021-05-20T15:40:00.683728Z'),
	(57, 58, 'Ira Fuse', 574, '2021-05-20T15:40:00.683768Z'),
	(58, 19, 'Tamara Knight', 570, '2021-05-20T15:40:00.683800Z'),
	(59, 53, 'Bowen Arrow', 749, '2021-05-20T15:40:00.683829Z'),
	(60, 7, 'I. Pullem', 784, '2021-05-20T15:40:00.683859Z'),
	(61, 63, 'Pepe C. Cola', 328, '2021-05-20T15:40:00.683888Z'),
	(62, 19, 'Didi Reelydoit', 520, '2021-05-20T15:40:00.683924Z'),
	(63, 56, 'Les Plack', 458, '2021-05-20T15:40:00.683958Z'),
	(64, 62, 'Marj Oram', 125, '2021-05-20T15:40:00.683991Z'),
	(65, 87, 'Phillip D. Bagg', 514, '2021-05-20T15:40:00.684020Z'),
	(66, 41, 'Rusty Carr', 123, '2021-05-20T15:40:00.684049Z'),
	(67, 54, 'Neil Down', 401, '2021-05-20T15:40:00.684086Z'),
	(68, 64, 'Mike Rohsopht', 78, '2021-05-20T15:40:00.684123Z'),
	(69, 40, 'Vlad Tire', 30, '2021-05-20T15:40:00.684156Z'),
	(70, 45, 'May Day', 769, '2021-05-20T15:40:00.684187Z'),
	(71, 49, 'Ann Chovie', 331, '2021-05-20T15:40:00.684229Z'),
	(72, 62, 'Al B. Zienya', 231, '2021-05-20T15:40:00.684279Z'),
	(73, 13, 'Ryan Carnation', 34, '2021-05-20T15:40:00.684340Z'),
	(74, 60, 'X. Benedict', 878, '2021-05-20T15:40:00.684394Z'),
	(75, 56, 'Claire Voyance', 702, '2021-05-20T15:40:00.684451Z'),
	(76, 18, 'Anne T. Lope', 207, '2021-05-20T15:40:00.684522Z'),
	(77, 19, 'Raney Schauer', 40, '2021-05-20T15:40:00.684582Z'),
	(78, 50, 'Howe D. Pardner', 766, '2021-05-20T15:40:00.684635Z'),
	(79, 5, 'Dinah Soares', 853, '2021-05-20T15:40:00.684689Z'),
	(80, 65, 'Faye Slift', 963, '2021-05-20T15:40:00.684737Z'),
	(81, 53, 'Annie Moore', 954, '2021-05-20T15:40:00.684774Z'),
	(82, 79, 'Holly Day', 134, '2021-05-20T15:40:00.684828Z'),
	(83, 4, 'George Washington Sleptier', 922, '2021-05-20T15:40:00.684862Z'),
	(84, 39, 'Abe Rudder', 319, '2021-05-20T15:40:00.684907Z'),
	(85, 89, 'Rich Feller', 546, '2021-05-20T15:40:00.684940Z'),
	(86, 30, 'Mike Raffone', 909, '2021-05-20T15:40:00.684970Z'),
	(87, 81, 'Liv Good', 351, '2021-05-20T15:40:00.684999Z'),
	(88, 48, 'Raynor Schein', 949, '2021-05-20T15:40:00.685028Z'),
	(89, 14, 'Rex Easley', 367, '2021-05-20T15:40:00.685082Z'),
	(90, 90, 'Cody Pendant', 264, '2021-05-20T15:40:00.685133Z'),
	(91, 24, 'Penny Wise', 696, '2021-05-20T15:40:00.685185Z'),
	(92, 9, 'Bill Ding', 917, '2021-05-20T15:40:00.685288Z'),
	(93, 41, 'Justin Inch', 5, '2021-05-20T15:40:00.685354Z'),
	(94, 7, 'Thor Luther', 485, '2021-05-20T15:40:00.685432Z'),
	(95, 69, 'Rick Kleiner', 287, '2021-05-20T15:40:00.685485Z'),
	(96, 5, 'Ty Tannick', 813, '2021-05-20T15:40:00.685542Z'),
	(97, 64, 'Kenny Dewitt', 306, '2021-05-20T15:40:00.685589Z'),
	(98, 80, 'Nick L. Andime', 637, '2021-05-20T15:40:00.685618Z'),
	(99, 82, 'Justin Thyme', 593, '2021-05-20T15:40:00.685647Z'),
	(100, 59, 'Ida Whana', 230, '2021-05-20T15:40:00.685675Z');

-- BOOKS
INSERT INTO t_items (dtype, id, artist_fk, publisher_fk, title, isbn, price, language, nb_of_pages, publication_date, description, created_date) VALUES
	('Book', 101, 77, 67, 'Butter In a Lordly Dish', '9781877664281', 73, 'ENGLISH', 27, '2018-06-21', 'Sit perspiciatis ipsum ut. Et quas est consectetur dolorem at. Voluptatum est voluptas voluptas repellendus. Enim quia ipsam sit et voluptates. Nulla corrupti temporibus aut autem itaque.', '2021-05-20T15:40:00.702118Z'),
	('Book', 102, 2, 88, 'Mother Night', '9790611300316', 46, 'FRENCH', 458, '1998-11-03', 'Cupiditate assumenda et qui minima. Totam asperiores iusto soluta sit quos. Id cumque repellat. Dolores velit autem quae deserunt molestiae. Assumenda cupiditate a doloremque et ut rerum.', '2021-05-20T15:40:00.702903Z'),
	('Book', 103, 49, 22, 'Little Hands Clapping', '9781057321249', 60, 'RUSSIAN', 581, '2016-01-22', 'Sequi incidunt et. Quos eius ut est ipsa et delectus. Architecto natus ex totam quia repellendus laborum.', '2021-05-20T15:40:00.703631Z'),
	('Book', 104, 3, 73, 'The Monkeys Raincoat', '9790972022667', 85, 'GERMAN', 358, '2008-03-30', 'Voluptate voluptatem eum. Non nobis ullam ipsum. Ad unde sit vel. Ratione illum voluptates soluta mollitia odio occaecati impedit. Dolore qui assumenda sit qui hic.', '2021-05-20T15:40:00.704207Z'),
	('Book', 105, 57, 59, 'The Moon by Night', '9781951097615', 34, 'CHINESE', 317, '2011-03-18', 'Fugit soluta quae ut harum tempore. Iure aliquam quas eius corporis accusantium debitis nulla. Provident natus nobis velit odio enim.', '2021-05-20T15:40:00.704922Z'),
	('Book', 106, 76, 39, 'An Instant In The Wind', '9781703477481', 2, 'JAPANESE', 375, '2000-03-16', 'Ut voluptas natus. Eligendi inventore iusto ut est. Qui rerum totam doloribus sed dolorum. Cumque laudantium ut fuga sunt nulla exercitationem. Eos voluptas perspiciatis eius.', '2021-05-20T15:40:00.705702Z'),
	('Book', 107, 60, 5, 'From Here to Eternity', '9781997209034', 20, 'SPANISH', 412, '2010-10-24', 'Totam non illo omnis et quia. Ut et ut. Corporis asperiores soluta ducimus qui molestias. Dolor omnis et quia possimus amet sit a. Quis quae nobis voluptas est officiis et.', '2021-05-20T15:40:00.706168Z'),
	('Book', 108, 7, 77, 'Nectar in a Sieve', '9781841534145', 46, 'JAPANESE', 744, '2011-03-24', 'Voluptas et nulla. Numquam est fuga odit et consequatur officia eligendi. Aut et quis nam aut qui.', '2021-05-20T15:40:00.706672Z'),
	('Book', 109, 89, 49, 'Butter In a Lordly Dish', '9791033318613', 72, 'CHINESE', 583, '2014-06-24', 'Quia quis in unde ex saepe. Aut molestiae est iste rerum distinctio sit nisi. Qui voluptatem laudantium saepe dolorem iure.', '2021-05-20T15:40:00.707281Z'),
	('Book', 110, 15, 44, 'Oh! To be in England', '9780075919032', 32, 'ENGLISH', 637, '2006-03-14', 'Quasi optio rerum est debitis quas quia. Maiores nisi quisquam cum quis. Facere deserunt et aut. Necessitatibus deserunt perferendis perferendis. Ea voluptatem possimus.', '2021-05-20T15:40:00.707899Z'),
	('Book', 111, 55, 82, 'Its a Battlefield', '9790859906554', 84, 'CHINESE', 50, '1998-01-04', 'Eum dicta cupiditate earum. Dignissimos saepe nihil et vitae possimus. Cupiditate et tenetur veniam voluptas est minima. Voluptatem dolorum provident maiores harum.', '2021-05-20T15:40:00.708611Z'),
	('Book', 112, 22, 37, 'Waiting for the Barbarians', '9790995610049', 21, 'FRENCH', 201, '1998-10-06', 'Quos nesciunt nulla ut inventore. Sit sit quisquam perspiciatis ab aliquid et. Libero atque impedit. Temporibus quasi asperiores ullam et et suscipit facilis. Natus et qui qui.', '2021-05-20T15:40:00.709096Z'),
	('Book', 113, 31, 47, 'A Passage to India', '9781072677314', 24, 'RUSSIAN', 218, '1997-01-03', 'Vero consectetur itaque ea. Laborum dicta unde asperiores totam animi earum voluptatem. Maiores facilis autem non.', '2021-05-20T15:40:00.709701Z'),
	('Book', 114, 68, 12, 'The Lathe of Heaven', '9781969908811', 57, 'FRENCH', 633, '2007-06-02', 'Adipisci sed impedit. Quasi aut voluptatem blanditiis aut fugit. Asperiores quis quia voluptatum animi id. Sit nihil totam quis qui quia.', '2021-05-20T15:40:00.710295Z'),
	('Book', 115, 67, 14, 'The Way Through the Woods', '9781541420663', 56, 'RUSSIAN', 701, '2019-08-18', 'In odit voluptas eaque dolor. Delectus sit reprehenderit repellat et voluptates. Mollitia velit quod tenetur reprehenderit vel. Beatae consectetur dolorem.', '2021-05-20T15:40:00.711040Z'),
	('Book', 116, 7, 59, 'The Sun Also Rises', '9781861519443', 12, 'PORTUGUESE', 499, '2014-12-25', 'Sed necessitatibus maxime reprehenderit expedita. Reprehenderit nam cumque. In qui sunt impedit molestiae. Voluptatem aut praesentium reiciendis ad.', '2021-05-20T15:40:00.712285Z'),
	('Book', 117, 63, 62, 'Ring of Bright Water', '9781075571992', 49, 'PORTUGUESE', 303, '2014-04-10', 'Et autem magnam atque nisi doloremque nihil. Sequi magni eveniet totam voluptas quis. Asperiores nisi deserunt. Vero non et et corrupti. Est eum animi debitis sint cumque.', '2021-05-20T15:40:00.713048Z'),
	('Book', 118, 16, 49, 'Precious Bane', '9780889617346', 66, 'FRENCH', 734, '2019-01-09', 'Tempore iusto illum incidunt esse. Quis sequi et corporis. Accusamus eos sit qui. Laudantium sunt sed vitae necessitatibus.', '2021-05-20T15:40:00.713609Z'),
	('Book', 119, 86, 81, 'The Moving Toyshop', '9780907745846', 52, 'SPANISH', 48, '2020-03-26', 'Consequuntur quisquam aut. Velit dignissimos quo quas eaque. Perferendis accusantium architecto. Corrupti laudantium distinctio officiis eligendi omnis officia. Tenetur cum facilis necessitatibus dolorum porro aliquam neque.', '2021-05-20T15:40:00.714139Z'),
	('Book', 120, 52, 85, 'If I Forget Thee Jerusalem', '9781001813219', 58, 'INDIAN', 382, '2008-05-16', 'Asperiores qui est ut praesentium quaerat. Laudantium et praesentium aperiam possimus. Sit earum quod delectus et beatae.', '2021-05-20T15:40:00.714588Z'),
	('Book', 121, 2, 84, 'Pale Kings and Princes', '9781086685084', 67, 'CHINESE', 215, '2009-12-18', 'Est necessitatibus et aut alias est saepe quasi. Ipsam non fugit blanditiis sed. Dolor est corporis aliquam.', '2021-05-20T15:40:00.714981Z'),
	('Book', 122, 65, 65, 'The World, the Flesh and the Devil', '9780924009501', 67, 'RUSSIAN', 193, '2015-10-16', 'Autem et voluptates ad. Beatae ex tempora vitae nobis tenetur earum. Laudantium cum laborum ut et ullam. Rerum nihil fugit maxime veritatis quia explicabo atque. Molestiae aperiam nostrum laudantium.', '2021-05-20T15:40:00.715510Z'),
	('Book', 123, 55, 3, 'From Here to Eternity', '9781967576678', 89, 'INDIAN', 344, '2016-11-14', 'Nesciunt fugit maiores cum possimus mollitia. Et dolore et sunt qui voluptate numquam. Nostrum sunt voluptas placeat dolor blanditiis.', '2021-05-20T15:40:00.716007Z'),
	('Book', 124, 42, 70, 'Quo Vadis', '9790899245484', 40, 'CHINESE', 344, '1994-11-18', 'Quidem dolores cupiditate unde corrupti nobis. Sint in in eos exercitationem aut accusamus. Commodi aut possimus architecto sint ea non iure.', '2021-05-20T15:40:00.716455Z'),
	('Book', 125, 22, 72, 'The Doors of Perception', '9790303055067', 2, 'PORTUGUESE', 749, '2010-12-11', 'Tempore consequatur omnis veritatis quo est ut. Adipisci quidem praesentium ab deleniti eos. Sit quisquam autem non et ut voluptas dolorem. Numquam ex et voluptatibus.', '2021-05-20T15:40:00.716922Z'),
	('Book', 126, 62, 44, 'Ring of Bright Water', '9780799668674', 21, 'GERMAN', 53, '2018-09-09', 'Fugit nisi sequi est est est. Iure consectetur modi. Beatae delectus quibusdam adipisci officia.', '2021-05-20T15:40:00.717369Z'),
	('Book', 127, 29, 66, 'The Little Foxes', '9780241677377', 33, 'ENGLISH', 401, '2009-12-12', 'Aut sed quidem. Eum accusantium iure incidunt asperiores dolor autem voluptas. Consequuntur consequatur et et labore quae sapiente.', '2021-05-20T15:40:00.717772Z'),
	('Book', 128, 63, 90, 'Tender Is the Night', '9781005850272', 8, 'GERMAN', 306, '2000-10-19', 'Odio et exercitationem rem. Nisi laboriosam soluta hic deleniti culpa recusandae. Consequatur dolore aut iure sit. Fugit aliquam commodi quas.', '2021-05-20T15:40:00.718156Z'),
	('Book', 129, 63, 32, 'Infinite Jest', '9791880845638', 66, 'SPANISH', 149, '2009-04-15', 'Eos explicabo suscipit labore. Sed ut qui eveniet. Neque aut assumenda consectetur culpa id repellendus. Iste quia sed aut ut qui et ut. Aut molestiae ab ut.', '2021-05-20T15:40:00.718543Z'),
	('Book', 130, 41, 7, 'The Heart Is Deceitful Above All Things', '9781903277867', 86, 'CHINESE', 364, '2002-08-25', 'Doloremque natus possimus harum officia iure et nulla. Doloribus repellendus animi qui. Sed ut sint. Facilis fuga molestiae magnam atque voluptates.', '2021-05-20T15:40:00.718929Z'),
	('Book', 131, 36, 61, 'Cover Her Face', '9780391781368', 21, 'FRENCH', 698, '2004-03-02', 'Ab autem dolor magnam sed veniam voluptas qui. Doloribus in natus aut rerum vel neque. Adipisci placeat asperiores deserunt. Architecto id inventore repellendus consectetur aspernatur voluptatum.', '2021-05-20T15:40:00.719549Z'),
	('Book', 132, 1, 61, 'Bury My Heart at Wounded Knee', '9780249651089', 71, 'RUSSIAN', 31, '1995-07-06', 'Perferendis ut ut qui. Sit veniam fugit et laudantium quasi reprehenderit. Ipsum et consequatur vitae fugiat modi vitae nihil.', '2021-05-20T15:40:00.720235Z'),
	('Book', 133, 49, 27, 'For Whom the Bell Tolls', '9780921812722', 83, 'PORTUGUESE', 314, '2001-08-01', 'Ratione quis perspiciatis sed. Quas sit et suscipit. At qui rerum non excepturi consequatur. Odit numquam at commodi.', '2021-05-20T15:40:00.720740Z'),
	('Book', 134, 67, 63, 'The Daffodil Sky', '9790933612593', 44, 'CHINESE', 671, '2015-06-30', 'Atque delectus suscipit. Quae est porro sapiente quia magni illo. Quam explicabo odit iure voluptas sunt. Impedit est delectus atque qui tempore eos aperiam. Explicabo expedita similique et voluptatem fugiat.', '2021-05-20T15:40:00.721139Z'),
	('Book', 135, 8, 61, 'Its a Battlefield', '9791881323067', 29, 'CHINESE', 510, '2000-02-25', 'Provident itaque praesentium. Eum asperiores alias consequuntur alias ut distinctio qui. Ad veniam iusto beatae amet dolor.', '2021-05-20T15:40:00.721545Z'),
	('Book', 136, 90, 37, 'A Monstrous Regiment of Women', '9781396456398', 21, 'GERMAN', 235, '2002-11-05', 'Autem asperiores numquam tempore quos. Sed ipsam culpa eos quod architecto ratione modi. Et iusto unde beatae dignissimos rerum illum quo. Qui incidunt qui. Iste esse consequatur ipsum.', '2021-05-20T15:40:00.721956Z'),
	('Book', 137, 24, 81, 'The Needles Eye', '9781296310196', 22, 'GERMAN', 67, '1995-08-16', 'Saepe labore sunt impedit. Est illum error et eveniet quaerat perspiciatis quasi. Et rerum architecto tempora aperiam vero. Aut asperiores aliquam temporibus tempora dolor reiciendis perferendis. Maxime sunt dolores reiciendis soluta.', '2021-05-20T15:40:00.722590Z'),
	('Book', 138, 71, 6, 'Arms and the Man', '9791293803096', 66, 'CHINESE', 239, '2019-07-08', 'Doloribus tempore et voluptatem quisquam. Sit eos id. Corporis et ipsam. Molestias illum facere rerum.', '2021-05-20T15:40:00.723165Z'),
	('Book', 139, 44, 10, 'An Instant In The Wind', '9780067463635', 9, 'SPANISH', 750, '2000-02-23', 'Quos earum aspernatur deserunt nam. Quis in nihil et. Et expedita at corporis. Exercitationem rerum est excepturi ipsa. Quo labore non earum ratione ducimus voluptas.', '2021-05-20T15:40:00.723701Z'),
	('Book', 140, 71, 51, 'The Wives of Bath', '9780472571802', 64, 'INDIAN', 724, '2012-05-17', 'Recusandae cum est nam quidem quo vel. Non eum natus. Sequi sit corrupti fugit consequuntur. Veniam perferendis quisquam nam accusamus est ut. Sint quas distinctio vel ut consequuntur.', '2021-05-20T15:40:00.724151Z'),
	('Book', 141, 3, 72, 'Edna OBrien', '9780927607889', 90, 'SPANISH', 640, '2010-06-26', 'Fugit ut rem vel recusandae. Sapiente eveniet expedita minima et enim quisquam consequatur. Similique dolorem accusantium aut. Itaque sunt praesentium animi. Voluptate dolor qui dolorem assumenda molestias.', '2021-05-20T15:40:00.724756Z'),
	('Book', 142, 54, 31, 'Mr Standfast', '9790045158521', 43, 'PORTUGUESE', 394, '2014-07-07', 'Consectetur molestias sapiente quaerat. Veritatis non possimus inventore occaecati. Maxime aut itaque sit est. Placeat at nesciunt sunt accusamus quidem.', '2021-05-20T15:40:00.725410Z'),
	('Book', 143, 72, 17, 'Far From the Madding Crowd', '9781922393753', 20, 'PORTUGUESE', 222, '2002-08-18', 'Aliquam dolor nam omnis architecto omnis id qui. Nisi repudiandae dolorem omnis soluta. Molestias explicabo tenetur animi. Distinctio ut esse dignissimos. Repudiandae rerum ex id consectetur consequuntur.', '2021-05-20T15:40:00.725985Z'),
	('Book', 144, 17, 42, 'A Passage to India', '9790868009284', 26, 'INDIAN', 641, '2004-10-19', 'Et modi commodi. Doloribus porro pariatur in maiores animi. Minima rerum doloribus. Accusamus atque soluta dolore nisi temporibus qui.', '2021-05-20T15:40:00.726459Z'),
	('Book', 145, 19, 26, 'Whats Become of Waring', '9781022223066', 49, 'RUSSIAN', 194, '1999-03-08', 'Ea culpa accusantium sit debitis placeat. Aut quaerat recusandae dolor reiciendis nisi accusantium. Assumenda occaecati voluptas vero. Aut error rem. Impedit reiciendis eligendi quia.', '2021-05-20T15:40:00.727024Z'),
	('Book', 146, 84, 29, 'To Your Scattered Bodies Go', '9791043848834', 2, 'SPANISH', 53, '2010-08-25', 'Totam saepe eveniet est eius voluptatem voluptatibus consequatur. Ut velit dolor nihil. Qui et laudantium odio et hic sed aliquid. Itaque adipisci voluptas voluptate nihil.', '2021-05-20T15:40:00.727529Z'),
	('Book', 147, 4, 9, 'Carrion Comfort', '9790867846231', 57, 'ENGLISH', 282, '2005-07-15', 'Rerum vel pariatur omnis odio. Consectetur aperiam nulla velit repudiandae nihil. Vero non at sed reiciendis. Id praesentium et quis assumenda ipsam doloribus.', '2021-05-20T15:40:00.728055Z'),
	('Book', 148, 4, 89, 'A Time to Kill', '9790874487571', 62, 'SPANISH', 676, '1996-09-26', 'Eos reprehenderit sit at provident cum. Autem reprehenderit ut maxime et. Necessitatibus iste minus accusantium natus corrupti quis sed.', '2021-05-20T15:40:00.728553Z'),
	('Book', 149, 1, 9, 'The Golden Bowl', '9780088569415', 20, 'SPANISH', 265, '1999-11-13', 'Ipsa est tempora. Aut soluta ut molestiae voluptatem ex et repellat. Quibusdam iure harum eos officia ut necessitatibus aut. Harum voluptatem assumenda voluptatum nam odio. Dolores ut quia at sed quam placeat delectus.', '2021-05-20T15:40:00.728942Z'),
	('Book', 150, 8, 57, 'Vanity Fair', '9780896361027', 21, 'FRENCH', 744, '2004-01-15', 'Consequatur rem recusandae aliquam quas. Quae earum delectus eos dignissimos ipsum. Quasi magni omnis totam exercitationem deserunt. Facere cum cupiditate quas quasi assumenda odit.', '2021-05-20T15:40:00.729313Z'),
	('Book', 151, 67, 59, 'The Moon by Night', '9780917609107', 2, 'RUSSIAN', 17, '2012-04-24', 'Nihil fugiat rerum minus incidunt. Enim magnam vero praesentium. Ipsam at suscipit sed in alias aut et.', '2021-05-20T15:40:00.729736Z'),
	('Book', 152, 55, 31, 'Lilies of the Field', '9791874762965', 86, 'JAPANESE', 219, '2017-03-11', 'Labore ipsum eius. Officia reiciendis eum tempora qui. Provident quisquam dicta. Repellendus praesentium ullam dolores repellat. Minus voluptas et dolorem labore autem praesentium.', '2021-05-20T15:40:00.730271Z'),
	('Book', 153, 78, 41, 'Cabbages and Kings', '9790704208062', 36, 'JAPANESE', 253, '2010-05-12', 'Autem a ut at sed. Qui sed maxime quos voluptatum ea. Eos qui quaerat quam minus fuga atque eum. Deserunt accusantium inventore et occaecati quia aliquid.', '2021-05-20T15:40:00.730690Z'),
	('Book', 154, 77, 26, 'Great Work of Time', '9780843619546', 42, 'ENGLISH', 517, '2000-09-23', 'Magnam accusamus et cumque non voluptatem rerum. Sed dolor et asperiores sint quidem. Eius deleniti doloribus officia natus et. Tenetur omnis cupiditate hic sit.', '2021-05-20T15:40:00.731095Z'),
	('Book', 155, 49, 39, 'Clouds of Witness', '9790950872321', 31, 'JAPANESE', 393, '1995-02-15', 'Consequatur autem natus dolores. Reprehenderit tempora aliquam culpa inventore in qui voluptatum. Ad quis molestiae ea exercitationem et ut. Qui rem omnis asperiores explicabo. Quo et et et est.', '2021-05-20T15:40:00.731466Z'),
	('Book', 156, 86, 58, 'Shall not Perish', '9790979004406', 82, 'ENGLISH', 156, '2013-10-24', 'Beatae eligendi veritatis. Porro ex voluptas consequuntur sit repudiandae quia. Nisi et et architecto sed ducimus ut. At sint veniam nihil saepe nisi consectetur fugit. Ullam dolores eos ea deleniti voluptatem.', '2021-05-20T15:40:00.731951Z'),
	('Book', 157, 90, 68, 'Ah, Wilderness!', '9781921090745', 90, 'INDIAN', 791, '1995-12-12', 'Sed facere ducimus qui dolorem dolor nesciunt occaecati. Et cum iure qui quo et ut enim. Quia labore eos est reiciendis iste cupiditate cupiditate. Inventore mollitia ullam. Aliquam porro sed et rem.', '2021-05-20T15:40:00.732553Z'),
	('Book', 158, 15, 15, 'The Parliament of Man', '9780702363832', 60, 'SPANISH', 737, '2006-05-08', 'Quo quia beatae hic consectetur ut distinctio quasi. Facere eum amet. Rerum quo praesentium numquam at ut. Dicta sunt amet.', '2021-05-20T15:40:00.732947Z'),
	('Book', 159, 32, 73, 'Vile Bodies', '9791904746743', 68, 'ENGLISH', 417, '2006-12-05', 'Ipsam id quaerat magni enim. A nihil in quia. Doloremque ducimus veritatis nemo.', '2021-05-20T15:40:00.733329Z'),
	('Book', 160, 47, 6, 'Blue Remembered Earth', '9791026585343', 79, 'GERMAN', 609, '2006-06-17', 'Qui dolorem veniam. Hic minus sint. Perferendis quam laboriosam quas optio.', '2021-05-20T15:40:00.733752Z'),
	('Book', 161, 15, 35, 'The Soldiers Art', '9790894014603', 69, 'SPANISH', 530, '2003-11-13', 'Aut beatae dolor doloribus non laudantium magni. Deleniti in reiciendis quam exercitationem quasi. Enim quam quia enim consectetur. Qui vero quia voluptatem aperiam iure fuga. Minus rem ab quidem.', '2021-05-20T15:40:00.734124Z'),
	('Book', 162, 13, 76, 'A Passage to India', '9780331810769', 62, 'FRENCH', 316, '2002-05-02', 'Voluptas facere nam perferendis sed. Magni aliquid suscipit saepe fugit quis eveniet. Omnis ratione quo optio beatae eos vero aperiam. Maxime perspiciatis earum quaerat rerum natus id.', '2021-05-20T15:40:00.734498Z'),
	('Book', 163, 61, 11, 'The Mirror Crackd from Side to Side', '9781987091861', 8, 'PORTUGUESE', 231, '2013-02-02', 'Ab reiciendis id magnam animi. Earum atque quo aut quod impedit. Accusantium vel rem adipisci deleniti voluptatem rerum enim.', '2021-05-20T15:40:00.734872Z'),
	('Book', 164, 78, 36, 'As I Lay Dying', '9790089503325', 91, 'RUSSIAN', 258, '2009-03-19', 'Nesciunt et enim. Fuga quo ea in. Rem saepe voluptatum. Omnis rem et tempora. Repellendus fugit enim eveniet sunt.', '2021-05-20T15:40:00.735289Z'),
	('Book', 165, 14, 33, 'The Wings of the Dove', '9780831362867', 89, 'FRENCH', 418, '2011-01-25', 'Voluptatem corrupti nostrum rerum voluptatibus veritatis quasi expedita. Cumque aspernatur iste sed et ut. Veritatis facere quia natus totam doloribus minus quia. Nam rem illo sunt quia nam. Reiciendis id esse inventore accusamus neque aliquam.', '2021-05-20T15:40:00.735686Z'),
	('Book', 166, 20, 61, 'The Line of Beauty', '9791896517338', 60, 'SPANISH', 411, '2002-06-30', 'Qui voluptatem beatae. Cumque pariatur officia non sapiente illum assumenda odio. Quo sequi perferendis.', '2021-05-20T15:40:00.736068Z'),
	('Book', 167, 63, 41, 'Terrible Swift Sword', '9780846477549', 81, 'PORTUGUESE', 163, '2001-09-03', 'Suscipit sapiente quia reiciendis sint rerum accusantium dolorum. Sapiente quia quisquam nulla culpa quis. Nobis nisi velit saepe quisquam molestiae vel. Error voluptates ut in nihil.', '2021-05-20T15:40:00.736434Z'),
	('Book', 168, 60, 29, 'Recalled to Life', '9790994176256', 12, 'SPANISH', 137, '2001-03-25', 'Magni iusto modi ratione beatae voluptatem enim magnam. Odio est error quaerat nesciunt deleniti. Minima quam animi ducimus. Nihil est fugiat. Autem quo non dolores.', '2021-05-20T15:40:00.736811Z'),
	('Book', 169, 84, 60, 'Beneath the Bleeding', '9781629477923', 75, 'GERMAN', 788, '2008-08-06', 'Est totam dolorum unde culpa et nesciunt minima. Neque et cumque non quos at. Minima pariatur animi ea impedit. Veritatis voluptatum illo optio eius itaque unde. Perspiciatis facilis aperiam minima.', '2021-05-20T15:40:00.737256Z'),
	('Book', 170, 87, 35, 'A Many-Splendoured Thing', '9791940753439', 66, 'ENGLISH', 94, '2015-04-29', 'Soluta nobis qui inventore numquam. Id nam id. Exercitationem quibusdam ut quia aliquam voluptatem quas. Quia occaecati alias voluptas.', '2021-05-20T15:40:00.737707Z'),
	('Book', 171, 12, 80, 'Surprised by Joy', '9781744305729', 75, 'JAPANESE', 176, '1999-04-03', 'Molestiae blanditiis quam. Aut assumenda facilis. Provident dolorem totam commodi dolorem. Sed non rerum repellat veritatis cumque sed.', '2021-05-20T15:40:00.738060Z'),
	('Book', 172, 39, 44, 'Consider the Lilies', '9781571267559', 73, 'RUSSIAN', 394, '2003-09-08', 'Odit aut id quisquam. Dolorum est quibusdam est error ad. Est nobis enim error. Aut officiis ducimus consequuntur consequatur et. Nemo a et a.', '2021-05-20T15:40:00.738403Z'),
	('Book', 173, 30, 86, 'By Grand Central Station I Sat Down and Wept', '9790545120233', 54, 'RUSSIAN', 322, '2013-04-25', 'Itaque laboriosam alias. Fugit earum tempora quis necessitatibus nulla. Maiores recusandae ad.', '2021-05-20T15:40:00.738752Z'),
	('Book', 174, 51, 5, 'The Stars Tennis Balls', '9790917492289', 74, 'PORTUGUESE', 416, '1994-03-07', 'Laborum debitis quis dolores. Earum consequatur eveniet est molestiae. Est maiores cumque ullam aut excepturi. Est iure neque porro architecto consequatur. Accusantium ut soluta voluptas nesciunt tempore consequatur.', '2021-05-20T15:40:00.739103Z'),
	('Book', 175, 9, 25, 'A Farewell to Arms', '9791007600577', 39, 'GERMAN', 88, '2013-05-05', 'Sunt quia labore quibusdam aperiam eligendi provident. Fugiat quo sapiente nemo sed id id atque. Architecto dolores et illum voluptatem. Saepe maxime iure vel qui porro nihil. Aut nihil veniam voluptas vitae beatae nobis qui.', '2021-05-20T15:40:00.739587Z'),
	('Book', 176, 90, 28, 'Of Human Bondage', '9781772095753', 47, 'JAPANESE', 566, '1998-08-11', 'Iure impedit harum. Eos qui ducimus quia. Officia natus neque qui.', '2021-05-20T15:40:00.739962Z'),
	('Book', 177, 81, 4, 'Ego Dominus Tuus', '9791998386825', 51, 'PORTUGUESE', 669, '2007-02-14', 'Omnis laborum repellendus facilis ut. Occaecati quibusdam numquam sed. Tempore pariatur atque sit aliquid.', '2021-05-20T15:40:00.740292Z'),
	('Book', 178, 32, 29, 'A Monstrous Regiment of Women', '9791046251242', 34, 'JAPANESE', 200, '1996-07-15', 'Corporis eos eaque nulla consequatur. Labore ut quia odio deleniti omnis pariatur. Nihil eum est.', '2021-05-20T15:40:00.740722Z'),
	('Book', 179, 15, 58, 'Beyond the Mexique Bay', '9790826252318', 18, 'CHINESE', 359, '2011-09-26', 'Nostrum fugit enim consectetur praesentium commodi deleniti quidem. Molestias dolores error. Quia incidunt tempore asperiores consectetur.', '2021-05-20T15:40:00.741143Z'),
	('Book', 180, 24, 62, 'O Jerusalem!', '9790721728345', 49, 'CHINESE', 18, '2007-01-02', 'Temporibus animi quas ipsum. Dignissimos minima aliquid omnis ut quasi minima. Molestiae qui deserunt officia fugit et.', '2021-05-20T15:40:00.741482Z'),
	('Book', 181, 54, 38, 'A Catskill Eagle', '9780878698219', 62, 'GERMAN', 429, '2011-08-06', 'At eaque aspernatur qui non qui veniam. Perspiciatis modi quis. Ipsum dolorum rerum natus. Ut iste vero et rerum. Quia omnis animi dolores mollitia.', '2021-05-20T15:40:00.741824Z'),
	('Book', 182, 87, 88, 'All the Kings Men', '9790216479004', 48, 'INDIAN', 779, '2000-10-08', 'Praesentium ea nisi. Explicabo corporis blanditiis. Dolor aut qui magni omnis deserunt.', '2021-05-20T15:40:00.742155Z'),
	('Book', 183, 66, 54, 'By Grand Central Station I Sat Down and Wept', '9780386593877', 18, 'ENGLISH', 156, '2007-08-17', 'Vel quo vel corrupti. Et perspiciatis iusto expedita sint temporibus. Distinctio porro consequatur.', '2021-05-20T15:40:00.742483Z'),
	('Book', 184, 4, 79, 'The Proper Study', '9791874045877', 67, 'CHINESE', 485, '2004-06-02', 'Et sunt qui ipsum. Molestiae iste temporibus. Aliquam enim non. Quia odit adipisci culpa dolorum provident non. Perferendis aut sequi soluta officiis.', '2021-05-20T15:40:00.742817Z'),
	('Book', 185, 55, 87, 'A Summer Bird-Cage', '9790378310849', 45, 'GERMAN', 749, '1996-07-27', 'Nihil minus consequuntur natus et magni blanditiis similique. Quis consequatur atque ea voluptas quia. At cum cum animi tempora porro quas.', '2021-05-20T15:40:00.743167Z'),
	('Book', 186, 56, 17, 'The Soldiers Art', '9780975403327', 31, 'JAPANESE', 449, '2000-10-02', 'Voluptatibus consectetur praesentium aliquid harum eum voluptate. Quia inventore aut eos et nam ut. Mollitia perferendis quis sint.', '2021-05-20T15:40:00.743559Z'),
	('Book', 187, 71, 62, 'To a God Unknown', '9781991930767', 12, 'GERMAN', 600, '2013-03-04', 'Deserunt hic reiciendis autem molestiae magnam quam temporibus. Harum cum suscipit et quia perspiciatis. Et reprehenderit esse a sint laboriosam. Ut distinctio perspiciatis sed occaecati maiores optio maiores.', '2021-05-20T15:40:00.743918Z'),
	('Book', 188, 45, 43, 'Franoise Sagan', '9791014651968', 64, 'CHINESE', 599, '2018-04-03', 'Omnis quos suscipit accusamus esse sed unde rerum. Et sed quia quisquam dolores. Dolorum omnis consequuntur ut.', '2021-05-20T15:40:00.744243Z'),
	('Book', 189, 69, 82, 'That Good Night', '9781868894017', 29, 'RUSSIAN', 439, '1998-08-29', 'Impedit qui deleniti in nobis. Quos similique dolore quo consequatur tempore. Alias ex sit omnis. Dolores voluptatibus non voluptas perferendis alias.', '2021-05-20T15:40:00.744670Z'),
	('Book', 190, 55, 30, 'Tirra Lirra by the River', '9781278550671', 69, 'JAPANESE', 130, '2005-10-12', 'Voluptates et veritatis itaque. Odio a atque non accusamus omnis fugit. Deserunt quas tempora iste. Est iure consequatur harum itaque.', '2021-05-20T15:40:00.745018Z'),
	('Book', 191, 58, 77, 'In a Dry Season', '9791310354761', 67, 'ENGLISH', 615, '1999-08-22', 'Et quas illo accusantium deserunt nisi in dignissimos. Et aperiam vel sed harum. Eos ea ipsam blanditiis omnis aliquam quia.', '2021-05-20T15:40:00.745387Z'),
	('Book', 192, 25, 82, 'A Farewell to Arms', '9790719350190', 52, 'PORTUGUESE', 53, '2000-11-05', 'Sit facilis distinctio a et sint ut. Eum saepe consequatur quaerat voluptas est. Aut accusamus eveniet. Autem dicta impedit nostrum molestias aut et.', '2021-05-20T15:40:00.745749Z'),
	('Book', 193, 56, 10, 'Nectar in a Sieve', '9780085534270', 83, 'RUSSIAN', 467, '2005-02-13', 'Vel quos consequatur. Ex fugit est tempore. Molestias provident omnis.', '2021-05-20T15:40:00.746088Z'),
	('Book', 194, 50, 30, 'The Soldiers Art', '9790869257462', 80, 'RUSSIAN', 65, '1995-10-06', 'Sed beatae ullam dolore. Quasi hic dolorem quia in modi et nihil. Sed distinctio asperiores laborum labore dolor sapiente doloremque. Eius aspernatur unde et.', '2021-05-20T15:40:00.746434Z'),
	('Book', 195, 13, 1, 'Vile Bodies', '9791909669504', 40, 'ENGLISH', 525, '2005-08-30', 'Aperiam sint adipisci. Rem quas optio illum. Iusto voluptatem quos. Et sint facilis praesentium omnis nulla illo nihil. Harum qui rem doloremque corporis earum atque quia.', '2021-05-20T15:40:00.746779Z'),
	('Book', 196, 87, 49, 'The House of Mirth', '9781970920246', 23, 'FRENCH', 548, '1997-06-23', 'Fugit perferendis nostrum adipisci aliquam et aliquam accusamus. Ut dolores laudantium voluptas ea repellendus. Aliquid omnis dolorem. Quis optio dignissimos consequuntur totam assumenda perspiciatis.', '2021-05-20T15:40:00.747125Z'),
	('Book', 197, 66, 32, 'Jacob Have I Loved', '9780999813324', 34, 'JAPANESE', 448, '1995-01-20', 'Eum voluptas odit enim. Eligendi aut ad. Nobis dolorem magnam aliquam reiciendis possimus. Modi fugit at dolor consequatur neque commodi commodi. Dolorum nemo aliquid non debitis.', '2021-05-20T15:40:00.747473Z'),
	('Book', 198, 26, 37, 'The Grapes of Wrath', '9780022156589', 60, 'RUSSIAN', 285, '2015-10-07', 'Ab impedit fugit dolore. Est minus voluptas sunt. Tenetur eos quasi. Amet quia beatae tempore.', '2021-05-20T15:40:00.747822Z'),
	('Book', 199, 14, 25, 'The Skull Beneath the Skin', '9780810270183', 31, 'SPANISH', 695, '2008-04-01', 'Et distinctio minima tenetur commodi aut consequatur ad. Omnis repellendus modi voluptatibus maxime delectus consequuntur assumenda. Nobis omnis nesciunt culpa. Saepe maiores rerum aut molestias reprehenderit. Ut odio et est et voluptatem est quia.', '2021-05-20T15:40:00.748220Z'),
	('Book', 200, 16, 56, 'Moab Is My Washpot', '9791296085130', 23, 'ENGLISH', 396, '2010-10-09', 'Quidem atque cumque aut ipsa dolorem quia dolorem. Recusandae quo nobis quo voluptates omnis et eos. Ut velit quia eos perferendis modi blanditiis laudantium. Voluptates aut occaecati quod. Autem sed illum et consequatur eos.', '2021-05-20T15:40:00.748616Z');

-- PURCHASE ORDER
INSERT INTO t_purchase_orders (id, customer_fk, purchase_order_date, created_date) VALUES (1, 72, '2019-06-18', '2021-05-20T15:40:00.748672Z');
	INSERT INTO t_purchase_order_lines (id, purchase_order_fk, item_fk, quantity, created_date) VALUES
		(11, 1, 122, 3, '2021-05-20T15:40:00.748710Z'),
		(12, 1, 12, 2, '2021-05-20T15:40:00.748724Z'),
		(13, 1, 78, 3, '2021-05-20T15:40:00.748737Z');
INSERT INTO t_purchase_orders (id, customer_fk, purchase_order_date, created_date) VALUES (2, 16, '2020-11-26', '2021-05-20T15:40:00.748752Z');
	INSERT INTO t_purchase_order_lines (id, purchase_order_fk, item_fk, quantity, created_date) VALUES
		(21, 2, 148, 4, '2021-05-20T15:40:00.748768Z'),
		(22, 2, 130, 2, '2021-05-20T15:40:00.748780Z'),
		(23, 2, 182, 3, '2021-05-20T15:40:00.748794Z');
INSERT INTO t_purchase_orders (id, customer_fk, purchase_order_date, created_date) VALUES (3, 77, '2019-12-30', '2021-05-20T15:40:00.748810Z');
	INSERT INTO t_purchase_order_lines (id, purchase_order_fk, item_fk, quantity, created_date) VALUES
		(31, 3, 171, 1, '2021-05-20T15:40:00.748905Z'),
		(32, 3, 48, 4, '2021-05-20T15:40:00.748922Z');
INSERT INTO t_purchase_orders (id, customer_fk, purchase_order_date, created_date) VALUES (4, 78, '2020-08-15', '2021-05-20T15:40:00.748938Z');
	INSERT INTO t_purchase_order_lines (id, purchase_order_fk, item_fk, quantity, created_date) VALUES
		(41, 4, 143, 4, '2021-05-20T15:40:00.748953Z'),
		(42, 4, 185, 4, '2021-05-20T15:40:00.748966Z'),
		(43, 4, 50, 4, '2021-05-20T15:40:00.748978Z'),
		(44, 4, 146, 4, '2021-05-20T15:40:00.748990Z');
INSERT INTO t_purchase_orders (id, customer_fk, purchase_order_date, created_date) VALUES (5, 13, '2020-04-09', '2021-05-20T15:40:00.749004Z');
	INSERT INTO t_purchase_order_lines (id, purchase_order_fk, item_fk, quantity, created_date) VALUES
		(51, 5, 24, 4, '2021-05-20T15:40:00.749022Z'),
		(52, 5, 100, 1, '2021-05-20T15:40:00.749034Z');
INSERT INTO t_purchase_orders (id, customer_fk, purchase_order_date, created_date) VALUES (6, 47, '2021-01-31', '2021-05-20T15:40:00.749047Z');
	INSERT INTO t_purchase_order_lines (id, purchase_order_fk, item_fk, quantity, created_date) VALUES
		(61, 6, 32, 3, '2021-05-20T15:40:00.749064Z'),
		(62, 6, 80, 4, '2021-05-20T15:40:00.749075Z');
INSERT INTO t_purchase_orders (id, customer_fk, purchase_order_date, created_date) VALUES (7, 77, '2020-02-20', '2021-05-20T15:40:00.749089Z');
	INSERT INTO t_purchase_order_lines (id, purchase_order_fk, item_fk, quantity, created_date) VALUES
		(71, 7, 100, 4, '2021-05-20T15:40:00.749105Z'),
		(72, 7, 38, 2, '2021-05-20T15:40:00.749117Z'),
		(73, 7, 12, 4, '2021-05-20T15:40:00.749128Z'),
		(74, 7, 72, 1, '2021-05-20T15:40:00.749140Z');
INSERT INTO t_purchase_orders (id, customer_fk, purchase_order_date, created_date) VALUES (8, 82, '2020-06-14', '2021-05-20T15:40:00.749153Z');
	INSERT INTO t_purchase_order_lines (id, purchase_order_fk, item_fk, quantity, created_date) VALUES
		(81, 8, 88, 3, '2021-05-20T15:40:00.749171Z'),
		(82, 8, 76, 2, '2021-05-20T15:40:00.749182Z'),
		(83, 8, 190, 3, '2021-05-20T15:40:00.749194Z');
INSERT INTO t_purchase_orders (id, customer_fk, purchase_order_date, created_date) VALUES (9, 75, '2019-06-05', '2021-05-20T15:40:00.749207Z');
	INSERT INTO t_purchase_order_lines (id, purchase_order_fk, item_fk, quantity, created_date) VALUES
		(91, 9, 158, 4, '2021-05-20T15:40:00.749229Z'),
		(92, 9, 186, 4, '2021-05-20T15:40:00.749241Z'),
		(93, 9, 161, 4, '2021-05-20T15:40:00.749253Z');
INSERT INTO t_purchase_orders (id, customer_fk, purchase_order_date, created_date) VALUES (10, 22, '2019-07-19', '2021-05-20T15:40:00.749280Z');
	INSERT INTO t_purchase_order_lines (id, purchase_order_fk, item_fk, quantity, created_date) VALUES
		(101, 10, 107, 3, '2021-05-20T15:40:00.749296Z'),
		(102, 10, 128, 4, '2021-05-20T15:40:00.749319Z');
INSERT INTO t_purchase_orders (id, customer_fk, purchase_order_date, created_date) VALUES (11, 18, '2021-03-17', '2021-05-20T15:40:00.749334Z');
	INSERT INTO t_purchase_order_lines (id, purchase_order_fk, item_fk, quantity, created_date) VALUES
		(111, 11, 73, 1, '2021-05-20T15:40:00.749350Z'),
		(112, 11, 43, 4, '2021-05-20T15:40:00.749362Z');
INSERT INTO t_purchase_orders (id, customer_fk, purchase_order_date, created_date) VALUES (12, 67, '2019-07-20', '2021-05-20T15:40:00.749377Z');
	INSERT INTO t_purchase_order_lines (id, purchase_order_fk, item_fk, quantity, created_date) VALUES
		(121, 12, 189, 3, '2021-05-20T15:40:00.749394Z'),
		(122, 12, 17, 1, '2021-05-20T15:40:00.749407Z'),
		(123, 12, 193, 3, '2021-05-20T15:40:00.749419Z');
INSERT INTO t_purchase_orders (id, customer_fk, purchase_order_date, created_date) VALUES (13, 22, '2019-09-19', '2021-05-20T15:40:00.749433Z');
	INSERT INTO t_purchase_order_lines (id, purchase_order_fk, item_fk, quantity, created_date) VALUES
		(131, 13, 183, 2, '2021-05-20T15:40:00.749448Z'),
		(132, 13, 102, 4, '2021-05-20T15:40:00.749460Z'),
		(133, 13, 26, 3, '2021-05-20T15:40:00.749472Z');
INSERT INTO t_purchase_orders (id, customer_fk, purchase_order_date, created_date) VALUES (14, 71, '2020-12-04', '2021-05-20T15:40:00.749485Z');
	INSERT INTO t_purchase_order_lines (id, purchase_order_fk, item_fk, quantity, created_date) VALUES
		(141, 14, 57, 2, '2021-05-20T15:40:00.749502Z'),
		(142, 14, 82, 4, '2021-05-20T15:40:00.749514Z');
INSERT INTO t_purchase_orders (id, customer_fk, purchase_order_date, created_date) VALUES (15, 72, '2020-04-16', '2021-05-20T15:40:00.749529Z');
	INSERT INTO t_purchase_order_lines (id, purchase_order_fk, item_fk, quantity, created_date) VALUES
		(151, 15, 30, 4, '2021-05-20T15:40:00.749544Z'),
		(152, 15, 41, 3, '2021-05-20T15:40:00.749556Z');
INSERT INTO t_purchase_orders (id, customer_fk, purchase_order_date, created_date) VALUES (16, 75, '2019-12-09', '2021-05-20T15:40:00.749569Z');
	INSERT INTO t_purchase_order_lines (id, purchase_order_fk, item_fk, quantity, created_date) VALUES
		(161, 16, 4, 3, '2021-05-20T15:40:00.749584Z'),
		(162, 16, 70, 2, '2021-05-20T15:40:00.749597Z'),
		(163, 16, 86, 3, '2021-05-20T15:40:00.749609Z');
INSERT INTO t_purchase_orders (id, customer_fk, purchase_order_date, created_date) VALUES (17, 46, '2019-01-06', '2021-05-20T15:40:00.749622Z');
	INSERT INTO t_purchase_order_lines (id, purchase_order_fk, item_fk, quantity, created_date) VALUES
		(171, 17, 156, 4, '2021-05-20T15:40:00.749639Z'),
		(172, 17, 42, 4, '2021-05-20T15:40:00.749652Z'),
		(173, 17, 54, 3, '2021-05-20T15:40:00.749663Z');
INSERT INTO t_purchase_orders (id, customer_fk, purchase_order_date, created_date) VALUES (18, 66, '2020-12-03', '2021-05-20T15:40:00.749677Z');
	INSERT INTO t_purchase_order_lines (id, purchase_order_fk, item_fk, quantity, created_date) VALUES
		(181, 18, 163, 3, '2021-05-20T15:40:00.749692Z'),
		(182, 18, 4, 4, '2021-05-20T15:40:00.749704Z');
INSERT INTO t_purchase_orders (id, customer_fk, purchase_order_date, created_date) VALUES (19, 3, '2020-11-07', '2021-05-20T15:40:00.749718Z');
	INSERT INTO t_purchase_order_lines (id, purchase_order_fk, item_fk, quantity, created_date) VALUES
		(191, 19, 190, 3, '2021-05-20T15:40:00.749735Z'),
		(192, 19, 158, 3, '2021-05-20T15:40:00.749746Z'),
		(193, 19, 198, 4, '2021-05-20T15:40:00.749758Z');
INSERT INTO t_purchase_orders (id, customer_fk, purchase_order_date, created_date) VALUES (20, 39, '2020-11-29', '2021-05-20T15:40:00.749772Z');
	INSERT INTO t_purchase_order_lines (id, purchase_order_fk, item_fk, quantity, created_date) VALUES
		(201, 20, 147, 3, '2021-05-20T15:40:00.749788Z'),
		(202, 20, 157, 1, '2021-05-20T15:40:00.749799Z'),
		(203, 20, 171, 2, '2021-05-20T15:40:00.749811Z');
INSERT INTO t_purchase_orders (id, customer_fk, purchase_order_date, created_date) VALUES (21, 10, '2018-09-18', '2021-05-20T15:40:00.749825Z');
	INSERT INTO t_purchase_order_lines (id, purchase_order_fk, item_fk, quantity, created_date) VALUES
		(211, 21, 168, 4, '2021-05-20T15:40:00.749842Z'),
		(212, 21, 53, 3, '2021-05-20T15:40:00.749854Z'),
		(213, 21, 194, 4, '2021-05-20T15:40:00.749866Z');
INSERT INTO t_purchase_orders (id, customer_fk, purchase_order_date, created_date) VALUES (22, 51, '2019-01-28', '2021-05-20T15:40:00.749880Z');
	INSERT INTO t_purchase_order_lines (id, purchase_order_fk, item_fk, quantity, created_date) VALUES
		(221, 22, 11, 4, '2021-05-20T15:40:00.749898Z'),
		(222, 22, 6, 4, '2021-05-20T15:40:00.749910Z');
INSERT INTO t_purchase_orders (id, customer_fk, purchase_order_date, created_date) VALUES (23, 21, '2019-08-17', '2021-05-20T15:40:00.749924Z');
	INSERT INTO t_purchase_order_lines (id, purchase_order_fk, item_fk, quantity, created_date) VALUES
		(231, 23, 6, 4, '2021-05-20T15:40:00.749939Z'),
		(232, 23, 92, 3, '2021-05-20T15:40:00.749951Z');
INSERT INTO t_purchase_orders (id, customer_fk, purchase_order_date, created_date) VALUES (24, 49, '2019-02-04', '2021-05-20T15:40:00.749966Z');
	INSERT INTO t_purchase_order_lines (id, purchase_order_fk, item_fk, quantity, created_date) VALUES
		(241, 24, 84, 2, '2021-05-20T15:40:00.750004Z'),
		(242, 24, 18, 4, '2021-05-20T15:40:00.750019Z'),
		(243, 24, 65, 2, '2021-05-20T15:40:00.750031Z');
INSERT INTO t_purchase_orders (id, customer_fk, purchase_order_date, created_date) VALUES (25, 90, '2021-03-15', '2021-05-20T15:40:00.750078Z');
	INSERT INTO t_purchase_order_lines (id, purchase_order_fk, item_fk, quantity, created_date) VALUES
		(251, 25, 172, 1, '2021-05-20T15:40:00.750095Z'),
		(252, 25, 13, 2, '2021-05-20T15:40:00.750107Z');
INSERT INTO t_purchase_orders (id, customer_fk, purchase_order_date, created_date) VALUES (26, 33, '2019-06-09', '2021-05-20T15:40:00.750121Z');
	INSERT INTO t_purchase_order_lines (id, purchase_order_fk, item_fk, quantity, created_date) VALUES
		(261, 26, 161, 2, '2021-05-20T15:40:00.750137Z'),
		(262, 26, 188, 4, '2021-05-20T15:40:00.750149Z');
INSERT INTO t_purchase_orders (id, customer_fk, purchase_order_date, created_date) VALUES (27, 38, '2019-03-24', '2021-05-20T15:40:00.750164Z');
	INSERT INTO t_purchase_order_lines (id, purchase_order_fk, item_fk, quantity, created_date) VALUES
		(271, 27, 178, 4, '2021-05-20T15:40:00.750180Z'),
		(272, 27, 197, 4, '2021-05-20T15:40:00.750192Z'),
		(273, 27, 72, 1, '2021-05-20T15:40:00.750204Z');
INSERT INTO t_purchase_orders (id, customer_fk, purchase_order_date, created_date) VALUES (28, 69, '2019-02-17', '2021-05-20T15:40:00.750226Z');
	INSERT INTO t_purchase_order_lines (id, purchase_order_fk, item_fk, quantity, created_date) VALUES
		(281, 28, 159, 3, '2021-05-20T15:40:00.750245Z'),
		(282, 28, 132, 4, '2021-05-20T15:40:00.750258Z'),
		(283, 28, 77, 1, '2021-05-20T15:40:00.750270Z');
INSERT INTO t_purchase_orders (id, customer_fk, purchase_order_date, created_date) VALUES (29, 90, '2020-12-14', '2021-05-20T15:40:00.750284Z');
	INSERT INTO t_purchase_order_lines (id, purchase_order_fk, item_fk, quantity, created_date) VALUES
		(291, 29, 117, 1, '2021-05-20T15:40:00.750300Z'),
		(292, 29, 187, 4, '2021-05-20T15:40:00.750312Z'),
		(293, 29, 159, 3, '2021-05-20T15:40:00.750326Z'),
		(294, 29, 88, 4, '2021-05-20T15:40:00.750338Z');
INSERT INTO t_purchase_orders (id, customer_fk, purchase_order_date, created_date) VALUES (30, 40, '2021-03-25', '2021-05-20T15:40:00.750353Z');
	INSERT INTO t_purchase_order_lines (id, purchase_order_fk, item_fk, quantity, created_date) VALUES
		(301, 30, 36, 2, '2021-05-20T15:40:00.750368Z'),
		(302, 30, 166, 4, '2021-05-20T15:40:00.750381Z');
INSERT INTO t_purchase_orders (id, customer_fk, purchase_order_date, created_date) VALUES (31, 7, '2020-11-08', '2021-05-20T15:40:00.750396Z');
	INSERT INTO t_purchase_order_lines (id, purchase_order_fk, item_fk, quantity, created_date) VALUES
		(311, 31, 65, 2, '2021-05-20T15:40:00.750412Z'),
		(312, 31, 13, 2, '2021-05-20T15:40:00.750424Z'),
		(313, 31, 13, 1, '2021-05-20T15:40:00.750436Z');
INSERT INTO t_purchase_orders (id, customer_fk, purchase_order_date, created_date) VALUES (32, 49, '2019-07-04', '2021-05-20T15:40:00.750452Z');
	INSERT INTO t_purchase_order_lines (id, purchase_order_fk, item_fk, quantity, created_date) VALUES
		(321, 32, 108, 1, '2021-05-20T15:40:00.750468Z'),
		(322, 32, 163, 4, '2021-05-20T15:40:00.750481Z'),
		(323, 32, 172, 4, '2021-05-20T15:40:00.750493Z');
INSERT INTO t_purchase_orders (id, customer_fk, purchase_order_date, created_date) VALUES (33, 30, '2019-03-08', '2021-05-20T15:40:00.750508Z');
	INSERT INTO t_purchase_order_lines (id, purchase_order_fk, item_fk, quantity, created_date) VALUES
		(331, 33, 156, 3, '2021-05-20T15:40:00.750524Z'),
		(332, 33, 105, 4, '2021-05-20T15:40:00.750536Z'),
		(333, 33, 103, 2, '2021-05-20T15:40:00.750548Z'),
		(334, 33, 142, 3, '2021-05-20T15:40:00.750561Z');
INSERT INTO t_purchase_orders (id, customer_fk, purchase_order_date, created_date) VALUES (34, 51, '2019-07-15', '2021-05-20T15:40:00.750576Z');
	INSERT INTO t_purchase_order_lines (id, purchase_order_fk, item_fk, quantity, created_date) VALUES
		(341, 34, 60, 4, '2021-05-20T15:40:00.750593Z'),
		(342, 34, 116, 2, '2021-05-20T15:40:00.750605Z'),
		(343, 34, 181, 4, '2021-05-20T15:40:00.750617Z');
INSERT INTO t_purchase_orders (id, customer_fk, purchase_order_date, created_date) VALUES (35, 78, '2020-12-26', '2021-05-20T15:40:00.750631Z');
	INSERT INTO t_purchase_order_lines (id, purchase_order_fk, item_fk, quantity, created_date) VALUES
		(351, 35, 62, 3, '2021-05-20T15:40:00.750649Z'),
		(352, 35, 180, 4, '2021-05-20T15:40:00.750662Z'),
		(353, 35, 140, 3, '2021-05-20T15:40:00.750675Z'),
		(354, 35, 107, 2, '2021-05-20T15:40:00.750688Z');
INSERT INTO t_purchase_orders (id, customer_fk, purchase_order_date, created_date) VALUES (36, 45, '2020-10-22', '2021-05-20T15:40:00.750703Z');
	INSERT INTO t_purchase_order_lines (id, purchase_order_fk, item_fk, quantity, created_date) VALUES
		(361, 36, 19, 1, '2021-05-20T15:40:00.750721Z'),
		(362, 36, 112, 3, '2021-05-20T15:40:00.750735Z'),
		(363, 36, 112, 4, '2021-05-20T15:40:00.750747Z');
INSERT INTO t_purchase_orders (id, customer_fk, purchase_order_date, created_date) VALUES (37, 80, '2021-03-16', '2021-05-20T15:40:00.750762Z');
	INSERT INTO t_purchase_order_lines (id, purchase_order_fk, item_fk, quantity, created_date) VALUES
		(371, 37, 77, 2, '2021-05-20T15:40:00.750779Z'),
		(372, 37, 121, 4, '2021-05-20T15:40:00.750791Z');
INSERT INTO t_purchase_orders (id, customer_fk, purchase_order_date, created_date) VALUES (38, 4, '2021-03-25', '2021-05-20T15:40:00.750805Z');
	INSERT INTO t_purchase_order_lines (id, purchase_order_fk, item_fk, quantity, created_date) VALUES
		(381, 38, 89, 1, '2021-05-20T15:40:00.750821Z'),
		(382, 38, 147, 2, '2021-05-20T15:40:00.750836Z'),
		(383, 38, 54, 3, '2021-05-20T15:40:00.750848Z');
INSERT INTO t_purchase_orders (id, customer_fk, purchase_order_date, created_date) VALUES (39, 18, '2020-08-22', '2021-05-20T15:40:00.750862Z');
	INSERT INTO t_purchase_order_lines (id, purchase_order_fk, item_fk, quantity, created_date) VALUES
		(391, 39, 68, 3, '2021-05-20T15:40:00.750880Z'),
		(392, 39, 81, 4, '2021-05-20T15:40:00.750894Z');
INSERT INTO t_purchase_orders (id, customer_fk, purchase_order_date, created_date) VALUES (40, 48, '2018-11-02', '2021-05-20T15:40:00.750910Z');
	INSERT INTO t_purchase_order_lines (id, purchase_order_fk, item_fk, quantity, created_date) VALUES
		(401, 40, 155, 2, '2021-05-20T15:40:00.750927Z'),
		(402, 40, 130, 4, '2021-05-20T15:40:00.750939Z'),
		(403, 40, 195, 2, '2021-05-20T15:40:00.750951Z');
INSERT INTO t_purchase_orders (id, customer_fk, purchase_order_date, created_date) VALUES (41, 4, '2019-10-25', '2021-05-20T15:40:00.750965Z');
	INSERT INTO t_purchase_order_lines (id, purchase_order_fk, item_fk, quantity, created_date) VALUES
		(411, 41, 40, 2, '2021-05-20T15:40:00.750981Z'),
		(412, 41, 155, 2, '2021-05-20T15:40:00.750996Z'),
		(413, 41, 64, 3, '2021-05-20T15:40:00.751009Z'),
		(414, 41, 82, 3, '2021-05-20T15:40:00.751023Z');
INSERT INTO t_purchase_orders (id, customer_fk, purchase_order_date, created_date) VALUES (42, 49, '2019-04-10', '2021-05-20T15:40:00.751038Z');
	INSERT INTO t_purchase_order_lines (id, purchase_order_fk, item_fk, quantity, created_date) VALUES
		(421, 42, 15, 2, '2021-05-20T15:40:00.751057Z'),
		(422, 42, 107, 2, '2021-05-20T15:40:00.751073Z');
INSERT INTO t_purchase_orders (id, customer_fk, purchase_order_date, created_date) VALUES (43, 2, '2018-11-22', '2021-05-20T15:40:00.751089Z');
	INSERT INTO t_purchase_order_lines (id, purchase_order_fk, item_fk, quantity, created_date) VALUES
		(431, 43, 30, 1, '2021-05-20T15:40:00.751105Z'),
		(432, 43, 17, 4, '2021-05-20T15:40:00.751119Z'),
		(433, 43, 35, 4, '2021-05-20T15:40:00.751132Z'),
		(434, 43, 163, 3, '2021-05-20T15:40:00.751144Z');
INSERT INTO t_purchase_orders (id, customer_fk, purchase_order_date, created_date) VALUES (44, 88, '2019-03-05', '2021-05-20T15:40:00.751160Z');
	INSERT INTO t_purchase_order_lines (id, purchase_order_fk, item_fk, quantity, created_date) VALUES
		(441, 44, 110, 3, '2021-05-20T15:40:00.751176Z'),
		(442, 44, 113, 3, '2021-05-20T15:40:00.751190Z'),
		(443, 44, 104, 2, '2021-05-20T15:40:00.751202Z'),
		(444, 44, 25, 2, '2021-05-20T15:40:00.751214Z');
INSERT INTO t_purchase_orders (id, customer_fk, purchase_order_date, created_date) VALUES (45, 24, '2019-03-18', '2021-05-20T15:40:00.751229Z');
	INSERT INTO t_purchase_order_lines (id, purchase_order_fk, item_fk, quantity, created_date) VALUES
		(451, 45, 125, 4, '2021-05-20T15:40:00.751273Z'),
		(452, 45, 158, 3, '2021-05-20T15:40:00.751288Z'),
		(453, 45, 154, 3, '2021-05-20T15:40:00.751301Z');
INSERT INTO t_purchase_orders (id, customer_fk, purchase_order_date, created_date) VALUES (46, 27, '2020-07-17', '2021-05-20T15:40:00.751315Z');
	INSERT INTO t_purchase_order_lines (id, purchase_order_fk, item_fk, quantity, created_date) VALUES
		(461, 46, 2, 2, '2021-05-20T15:40:00.751332Z'),
		(462, 46, 139, 3, '2021-05-20T15:40:00.751344Z'),
		(463, 46, 65, 3, '2021-05-20T15:40:00.751357Z'),
		(464, 46, 170, 3, '2021-05-20T15:40:00.751369Z');
INSERT INTO t_purchase_orders (id, customer_fk, purchase_order_date, created_date) VALUES (47, 43, '2019-06-14', '2021-05-20T15:40:00.751383Z');
	INSERT INTO t_purchase_order_lines (id, purchase_order_fk, item_fk, quantity, created_date) VALUES
		(471, 47, 102, 2, '2021-05-20T15:40:00.751402Z'),
		(472, 47, 59, 4, '2021-05-20T15:40:00.751415Z');
INSERT INTO t_purchase_orders (id, customer_fk, purchase_order_date, created_date) VALUES (48, 30, '2019-08-18', '2021-05-20T15:40:00.751429Z');
	INSERT INTO t_purchase_order_lines (id, purchase_order_fk, item_fk, quantity, created_date) VALUES
		(481, 48, 78, 3, '2021-05-20T15:40:00.751444Z'),
		(482, 48, 116, 4, '2021-05-20T15:40:00.751456Z'),
		(483, 48, 123, 2, '2021-05-20T15:40:00.751468Z'),
		(484, 48, 43, 2, '2021-05-20T15:40:00.751495Z');
INSERT INTO t_purchase_orders (id, customer_fk, purchase_order_date, created_date) VALUES (49, 72, '2020-02-22', '2021-05-20T15:40:00.751509Z');
	INSERT INTO t_purchase_order_lines (id, purchase_order_fk, item_fk, quantity, created_date) VALUES
		(491, 49, 139, 4, '2021-05-20T15:40:00.751526Z'),
		(492, 49, 21, 3, '2021-05-20T15:40:00.751539Z'),
		(493, 49, 117, 4, '2021-05-20T15:40:00.751550Z');

ALTER SEQUENCE hibernate_sequence RESTART WITH 600;
