
-- ARTISTS
INSERT INTO t_artists (id, name, bio, created_date) VALUES
	(1, 'Antonina Brakus', 'Qui architecto eligendi sint ipsam. Maxime reiciendis nulla voluptas possimus at velit alias. Aliquam velit neque consequatur et est eos natus.', '2021-05-20T13:28:01.821993Z'),
	(2, 'Porter Carroll II', 'Maxime aspernatur omnis iste aut sunt. Reiciendis fugiat sit mollitia optio eius. Voluptatem distinctio quidem. Enim repellendus eos eum minima possimus omnis odio.', '2021-05-20T13:28:01.840421Z'),
	(3, 'Miss Joan Hoeger', 'Corrupti sed et ut in. Possimus ut tenetur alias sit eum. Quasi est aut qui et saepe dolor. Fugiat reiciendis rem similique consequatur similique dolorum quod. Fugiat ut reprehenderit nemo quisquam explicabo.', '2021-05-20T13:28:01.841417Z'),
	(4, 'Izola Konopelski', 'Dolores ab accusantium mollitia similique. Rerum nobis eius qui est a dolorem. Tempore est et adipisci dicta.', '2021-05-20T13:28:01.842143Z'),
	(5, 'Rene Kessler V', 'Ipsa iusto quibusdam eaque cupiditate cumque. Ipsa distinctio in facere. Delectus doloremque sed optio perferendis animi fugiat. Adipisci reprehenderit necessitatibus praesentium excepturi modi fugit. Autem sit accusantium quisquam sit est odio.', '2021-05-20T13:28:01.842991Z'),
	(6, 'Elvira Mueller', 'Est est voluptas qui. Dicta voluptatum assumenda distinctio. Quidem blanditiis aliquid qui perferendis et aut saepe. Consequatur sint expedita. Laborum tenetur minus necessitatibus quas laborum culpa reprehenderit.', '2021-05-20T13:28:01.843642Z'),
	(7, 'Ms. Dante Prohaska', 'Rerum et ipsam. Quae ducimus ducimus officia. Ullam eveniet libero nihil. Omnis aut quisquam.', '2021-05-20T13:28:01.844291Z'),
	(8, 'Dr. Louanne Daniel', 'Iste voluptatem vitae temporibus quis. Deserunt rerum architecto quasi autem pariatur. Enim animi et quod sint. Quia eum est rem enim.', '2021-05-20T13:28:01.844916Z'),
	(9, 'Ms. Rudolf Ondricka', 'Sint libero eaque ut et incidunt. Incidunt aspernatur natus fuga possimus. Sit voluptas modi consequatur tenetur. Voluptatibus exercitationem expedita ea quaerat sed necessitatibus.', '2021-05-20T13:28:01.845555Z'),
	(10, 'Dr. Hal Hahn', 'Et ut odit accusantium tempora quae. Aut voluptates excepturi harum. Similique quaerat eos quaerat. Sed rerum quia laboriosam quod quia.', '2021-05-20T13:28:01.846174Z'),
	(11, 'Son Larkin', 'Ea nemo provident eaque voluptates non eius. Nisi occaecati sed est explicabo quo. Exercitationem fugit maxime. Rem unde fugit officiis veritatis. Dolor et accusamus.', '2021-05-20T13:28:01.846750Z'),
	(12, 'Burton Ledner', 'Cum molestiae officia. Rem non vel quam provident occaecati. Dolorem et quas asperiores. Et et magnam repellendus et saepe enim.', '2021-05-20T13:28:01.847282Z'),
	(13, 'Wenona Beier', 'Cupiditate pariatur dolor et aut eos architecto. Ex aut quisquam sunt sint impedit fuga aut. Molestiae sunt exercitationem. Sapiente iste cumque culpa quas.', '2021-05-20T13:28:01.847853Z'),
	(14, 'Jerrod Leannon', 'Eaque suscipit officiis quo quas. Inventore eligendi est sunt voluptatum sapiente. Iure qui ducimus dolorum et odio. Reiciendis autem est incidunt dignissimos est voluptate. Unde accusamus minus assumenda.', '2021-05-20T13:28:01.848455Z'),
	(15, 'Mrs. Alexia Hettinger', 'Magni voluptatem deleniti porro excepturi libero voluptatem cumque. Quisquam facere error consectetur aliquam tempore quia. Praesentium libero sunt dolorum consequatur nesciunt et. Necessitatibus qui id qui. Impedit pariatur dolor suscipit nam id perferendis nobis.', '2021-05-20T13:28:01.849101Z'),
	(16, 'Geri Kuphal', 'Voluptatem dolorem est aut eveniet. Ut maxime praesentium qui ex occaecati nostrum earum. Excepturi praesentium rerum ipsa reprehenderit tenetur excepturi qui. Aut iste quae placeat aliquam ipsa. Asperiores autem maiores ut et molestiae.', '2021-05-20T13:28:01.852175Z'),
	(17, 'Mitzi Heller', 'Ducimus consectetur ad dicta rerum recusandae ullam. Tenetur quibusdam aut ut quia. Fugiat qui omnis occaecati omnis. Et ipsa distinctio fuga soluta modi. Rerum omnis quidem est ut vero veritatis at.', '2021-05-20T13:28:01.852871Z'),
	(18, 'Lowell Schuster', 'Nisi laborum perspiciatis ut in rerum. Ducimus exercitationem aliquid et aut placeat perspiciatis. Perferendis quaerat et quae aut illum sit. Unde exercitationem magnam omnis qui nesciunt.', '2021-05-20T13:28:01.853423Z'),
	(19, 'Indira Jacobi', 'Consequatur fugiat et praesentium veniam cupiditate. Eum et id temporibus velit et eius quia. Voluptas dolore expedita et rerum officia ullam. Aut quo laborum reiciendis voluptates perferendis harum deserunt.', '2021-05-20T13:28:01.853953Z'),
	(20, 'Johnathan Herman', 'Sunt tempore provident. Quasi sed id. Consequatur enim repudiandae nemo itaque iusto rerum ratione. Incidunt voluptas dolorem veniam laudantium non voluptas.', '2021-05-20T13:28:01.854436Z'),
	(21, 'Dr. Orval Kunde', 'Illo aperiam vitae. Nemo nam ab est sit et. Illo numquam tempora inventore nihil quo. Velit et sed accusamus iure alias.', '2021-05-20T13:28:01.854938Z'),
	(22, 'Odis Ortiz', 'Et enim voluptatibus in quia fugiat beatae ut. Voluptatem autem et. Animi aut ratione. Modi et ipsa dolores quos.', '2021-05-20T13:28:01.855501Z'),
	(23, 'Harland Skiles', 'Et dolorum eveniet veritatis in consequatur alias dolore. Quis dolores ut. Ut velit eligendi saepe ratione minus mollitia consequatur. Dolores consequatur blanditiis praesentium numquam doloribus. Voluptatem animi adipisci esse quia sequi deserunt.', '2021-05-20T13:28:01.856061Z'),
	(24, 'Mr. Arturo Jakubowski', 'Corporis beatae aut omnis magni. Molestiae harum perspiciatis labore asperiores nemo. Cumque non dolorem neque autem et doloremque quod.', '2021-05-20T13:28:01.856555Z'),
	(25, 'Concetta Nader', 'Quasi aut qui quae quisquam et unde consequuntur. Voluptas nam tenetur illo. Eum consectetur soluta eum et eum inventore amet. Consequatur officiis vitae. In debitis unde voluptate laboriosam recusandae.', '2021-05-20T13:28:01.857095Z'),
	(26, 'Emelda Fay PhD', 'Totam nesciunt veritatis sed et ut velit. Quas quae expedita iusto minima sequi id aliquam. Eos eveniet vel velit laboriosam.', '2021-05-20T13:28:01.857607Z'),
	(27, 'Alberto Considine', 'Voluptatem impedit error. Delectus sint aliquam soluta atque. Quaerat repudiandae et dolor et labore. Sint similique quas aliquid facere nisi animi. Voluptas repellat eum ut eos eum et maxime.', '2021-05-20T13:28:01.858115Z'),
	(28, 'Alex Roberts', 'Voluptatem et culpa commodi error corporis amet rerum. Debitis quo porro. Porro corporis exercitationem ad optio corporis sit ut. Quae labore doloribus. Animi mollitia odit est sint tempora ut.', '2021-05-20T13:28:01.858609Z'),
	(29, 'Geraldo Abbott', 'Explicabo adipisci nesciunt iure. Error commodi assumenda eveniet hic nemo molestiae. Quod aut earum. Occaecati expedita aspernatur quis. Eos corporis veniam dolores autem cumque et.', '2021-05-20T13:28:01.859055Z'),
	(30, 'Mirtha Schmitt', 'Molestias voluptatibus qui error numquam et consequatur at. Voluptatem libero rerum est perspiciatis. Aliquid quis repudiandae laudantium voluptatum. Minima doloremque nulla id.', '2021-05-20T13:28:01.859485Z'),
	(31, 'Julie Walker', 'Praesentium sunt facere. Hic eos aut nostrum eos. Ipsum repellendus sit. Maxime quo quia.', '2021-05-20T13:28:01.859892Z'),
	(32, 'Mathew Kutch', 'Enim dignissimos quia eos libero cum. Veniam non a at quo modi voluptatem aut. Ex unde natus eaque non. Architecto soluta veritatis totam consequatur.', '2021-05-20T13:28:01.860319Z'),
	(33, 'Charley Shields MD', 'Possimus dignissimos voluptas laudantium eum. Nesciunt autem assumenda ad ratione. Odio dolore ipsum minus iusto magni impedit iure.', '2021-05-20T13:28:01.860753Z'),
	(34, 'Valentine Bruen', 'Et facere reiciendis sunt esse saepe. Voluptates odio itaque. Provident voluptatem illo distinctio.', '2021-05-20T13:28:01.861130Z'),
	(35, 'Lolita Schiller V', 'Omnis ut nesciunt aliquid eum. Quos perspiciatis quia tempora vel iste voluptatum qui. Quaerat hic aut natus quia. Qui fugit quasi eum. Voluptatem rerum quaerat voluptatum consequatur voluptatem accusamus veritatis.', '2021-05-20T13:28:01.861610Z'),
	(36, 'Shenita Kutch', 'Aperiam consequatur ut et. Vero labore quasi dolores illo inventore est. Sit voluptas voluptas ut aut quia. Explicabo voluptatem ea qui optio.', '2021-05-20T13:28:01.862020Z'),
	(37, 'Wanita Ortiz', 'Error est molestiae ipsam quia quia magnam. Aliquid id magni. Commodi est sed quod esse. Sint inventore necessitatibus voluptas reprehenderit ipsum hic magni. Et sed provident omnis vero ab possimus eius.', '2021-05-20T13:28:01.862646Z'),
	(38, 'Vernon Metz', 'Id nisi eum rem et. Aliquid ipsum autem et ipsam ea laudantium dolore. Est fugit ea sed enim iusto.', '2021-05-20T13:28:01.863058Z'),
	(39, 'Mr. Maris West', 'Facere at voluptate. Accusamus ex omnis vero rerum. Consequatur atque vel quia repudiandae vel et. Ipsa similique nihil.', '2021-05-20T13:28:01.863516Z'),
	(40, 'Mark Botsford', 'Quia illo quaerat similique qui ullam. Numquam quasi fugiat. Veritatis ut non. Possimus voluptas tempore.', '2021-05-20T13:28:01.863859Z'),
	(41, 'Orville Crist', 'Vel consectetur totam saepe dolores sed ut. Voluptatum vitae sunt aut optio sed non ea. Dolorum non maiores aspernatur hic ut. Quis dolorem nihil aut et mollitia necessitatibus.', '2021-05-20T13:28:01.864243Z'),
	(42, 'Blake Thompson', 'Sed a sint pariatur dolorum excepturi modi provident. Animi adipisci similique cum quis. Non voluptatem quae. Similique iure ullam autem in adipisci non deleniti. Fugit nihil voluptas id numquam impedit.', '2021-05-20T13:28:01.864623Z'),
	(43, 'Cedrick Wyman DVM', 'Et qui eligendi sapiente. Deserunt ratione ut. Nobis consequatur itaque.', '2021-05-20T13:28:01.864946Z'),
	(44, 'Rebecca Moen', 'Est rerum facilis enim et quo excepturi. Sunt ea eum. Fugit voluptatem modi consequatur ea sit vel. Eaque consequatur nihil.', '2021-05-20T13:28:01.865277Z'),
	(45, 'Mr. Marcellus Krajcik', 'Distinctio libero molestiae cumque minus. Eius ea perferendis consequatur eaque. Ducimus voluptatum autem error omnis. Laborum autem voluptate.', '2021-05-20T13:28:01.865614Z'),
	(46, 'Eryn Muller', 'Nemo impedit doloribus omnis qui tenetur itaque. Possimus facere totam est qui. Voluptatem cupiditate recusandae doloremque. Enim quo blanditiis ut. At id eum at repudiandae soluta.', '2021-05-20T13:28:01.866002Z'),
	(47, 'Ray Nader', 'Itaque animi dolores minima. Quis repudiandae iusto facilis voluptatem facere laborum. Perspiciatis distinctio aut aut repudiandae eaque quae sunt. Impedit harum temporibus est voluptatum consequatur error error. Ut rem excepturi et placeat delectus odio.', '2021-05-20T13:28:01.866432Z'),
	(48, 'Hilario Schmeler', 'Nihil dicta occaecati omnis eveniet omnis. Corporis voluptatem et ut dignissimos et. Porro molestias consequatur qui et. Illo cumque inventore qui iure nesciunt autem est. Natus sunt reiciendis cupiditate rerum recusandae saepe at.', '2021-05-20T13:28:01.866866Z'),
	(49, 'Malcolm Schneider', 'Sed dolorem eaque esse aliquam et. Consequatur neque et quibusdam. Amet exercitationem deleniti.', '2021-05-20T13:28:01.867172Z'),
	(50, 'Ms. Leslie Herzog', 'Nostrum et ea nostrum occaecati vel earum sed. Quis pariatur adipisci modi iure et. Voluptatum mollitia sed id et consequuntur. Ut omnis non alias voluptatem quam. Hic quia et sed ducimus.', '2021-05-20T13:28:01.867672Z'),
	(51, 'Francine Little', 'Et cupiditate ea maiores dolor qui. Sed et delectus. Officia officiis harum aut beatae. Voluptatibus minus iste dicta cum earum.', '2021-05-20T13:28:01.868063Z'),
	(52, 'Arcelia Kuhic', 'Voluptas nisi ut aut neque. Alias et quia praesentium et quae modi. Recusandae ut delectus tempora dolor. Odio molestiae dolorem iure earum amet ut voluptatem.', '2021-05-20T13:28:01.868429Z'),
	(53, 'Ms. Melina Grimes', 'Provident numquam veritatis voluptas et modi saepe. Tempora qui eaque. Est est tempora ut consequuntur et dicta. Dicta ipsa dolor rerum.', '2021-05-20T13:28:01.868814Z'),
	(54, 'Charlie Harber', 'Corporis sequi fugit. Dolorem et hic aspernatur soluta rerum accusamus officiis. Sint debitis quae consectetur praesentium velit quod voluptas. Ut ut magni. Rerum iure provident dicta tempore deleniti debitis voluptatum.', '2021-05-20T13:28:01.869218Z'),
	(55, 'Jenise Denesik', 'Et voluptatem non excepturi id impedit sed. Reprehenderit ratione magnam. Rerum magni fugiat deserunt.', '2021-05-20T13:28:01.869537Z'),
	(56, 'Ms. Tony Beer', 'Ut delectus natus mollitia minus quia magnam est. Illo qui enim provident quam et vel. Dolor et totam facere. Natus consectetur ut et vel ut. Sunt ipsum corporis sed quaerat dolore architecto.', '2021-05-20T13:28:01.869953Z'),
	(57, 'Zachary Gleason', 'Ullam quisquam et a nisi et. Ipsum eligendi ut ut. Officia placeat accusamus. Id consectetur aut.', '2021-05-20T13:28:01.870264Z'),
	(58, 'Jefferey Koelpin Jr.', 'Modi ea sint et veritatis. Quos rerum voluptas animi odit illum velit vero. Quis sit voluptates quisquam voluptatem quisquam. Ad soluta qui perferendis. Qui ab quis neque.', '2021-05-20T13:28:01.870637Z'),
	(59, 'Maryrose Ankunding', 'Eveniet sint sunt ducimus. Esse facere ea aut molestiae rerum delectus. Accusantium quas officiis tempore doloribus blanditiis sunt ipsa.', '2021-05-20T13:28:01.870940Z'),
	(60, 'Phillip Feil', 'Dolorem distinctio impedit. Culpa totam culpa reiciendis. Eos porro sint accusamus omnis aut.', '2021-05-20T13:28:01.871189Z'),
	(61, 'Dusty Little Sr.', 'Natus culpa enim libero beatae nulla eligendi. Est fuga laborum ipsum molestiae debitis. Officiis earum inventore consectetur quos in. Esse qui adipisci rerum. Molestias vitae eius consequatur quia expedita officia.', '2021-05-20T13:28:01.871562Z'),
	(62, 'Ms. Angelyn Doyle', 'Odio minus quo error dolorem dolores eum. Consequuntur consectetur id natus eum consectetur. Esse optio neque. Possimus et suscipit ut esse ipsam optio.', '2021-05-20T13:28:01.871904Z'),
	(63, 'Son Denesik', 'Enim molestiae nisi. Molestiae ipsam et. Dolore et nisi voluptatem ad nostrum aut nisi. Incidunt nisi sunt quas tempore et cum praesentium. Optio doloribus rerum omnis nesciunt ut.', '2021-05-20T13:28:01.872261Z'),
	(64, 'Guadalupe Jacobson', 'Omnis hic explicabo. Voluptatem neque sit iure praesentium nulla velit. Omnis et neque repudiandae maxime. Eveniet perferendis voluptatem veniam molestiae non fuga dicta. Molestiae quidem ad fugiat mollitia odit.', '2021-05-20T13:28:01.872589Z'),
	(65, 'Arlinda Fisher DVM', 'Corrupti aliquam debitis ut corrupti reprehenderit totam. Doloribus ut nobis natus voluptas. Sed molestiae ab rerum et est. Quod rem culpa repudiandae nesciunt. Et et dolores qui consectetur numquam excepturi.', '2021-05-20T13:28:01.873056Z'),
	(66, 'Russ Doyle', 'A autem rem nemo. Earum earum magnam a at quisquam sit nam. Expedita nostrum ab.', '2021-05-20T13:28:01.873329Z'),
	(67, 'Darrin Hegmann Sr.', 'Quasi quas amet dolore quo qui et. Asperiores cupiditate laboriosam magnam molestiae incidunt quo sed. Voluptas fugit suscipit nihil rem.', '2021-05-20T13:28:01.873648Z'),
	(68, 'Leon Welch', 'Et occaecati laudantium cupiditate. Ut inventore corporis ut fuga. Ad et ex nobis sunt cumque labore consequatur. Molestiae id omnis est quod iure. Aut quos ut laudantium sint.', '2021-05-20T13:28:01.873984Z'),
	(69, 'Mrs. Yanira Hoeger', 'Ipsa error deleniti. Necessitatibus quis et dicta quos. Voluptates impedit architecto aut est ab eum. Illum dolores error provident.', '2021-05-20T13:28:01.874343Z'),
	(70, 'Jimmy Bernier', 'Vel possimus odit maxime iusto. Unde corrupti magnam. Aut dolores vel eveniet enim labore illum. Accusantium quae corrupti consectetur aut iusto. Magni ut doloremque voluptatem animi eaque velit.', '2021-05-20T13:28:01.874660Z'),
	(71, 'Keturah Rowe III', 'Vel sed reprehenderit rerum maiores. Et itaque at. Ut velit aut iste sit dolores a est.', '2021-05-20T13:28:01.874953Z'),
	(72, 'Catherine Purdy', 'Sed laborum voluptates aut iure molestiae quia aut. Optio voluptatibus autem expedita molestias minima est. Dicta quo qui enim. Animi consequuntur nulla architecto. In dolorem eos labore nihil voluptas natus ipsa.', '2021-05-20T13:28:01.875278Z'),
	(73, 'Lucius Labadie', 'Dicta rerum optio repellendus. Assumenda voluptas molestias cupiditate eveniet. Placeat odit voluptates.', '2021-05-20T13:28:01.875530Z'),
	(74, 'Arlie Hagenes DDS', 'Exercitationem autem quasi quia autem aut. Cum et consequatur illo ut sed. Quidem deserunt facilis quos placeat. Eaque quam officiis sequi eum voluptatem.', '2021-05-20T13:28:01.875829Z'),
	(75, 'Dr. Ashly Deckow', 'Laborum sit molestiae est. Sint laborum impedit. Beatae vitae ab quae voluptatibus repudiandae amet libero.', '2021-05-20T13:28:01.876446Z'),
	(76, 'Deshawn Prosacco', 'Tempora quo rerum sit. Qui at voluptates natus ducimus. Adipisci quisquam quo et in.', '2021-05-20T13:28:01.876694Z'),
	(77, 'Leslee Gerhold', 'Libero officia voluptatem inventore pariatur possimus. Eum nobis consequuntur omnis. Temporibus minus beatae dolor sequi.', '2021-05-20T13:28:01.876982Z'),
	(78, 'Joshua Dare', 'Sunt cum consectetur perspiciatis sapiente. Et consectetur deserunt accusamus rerum consequatur. Quia qui sapiente in aliquid est ex.', '2021-05-20T13:28:01.877265Z'),
	(79, 'Austin Feeney', 'Quam quidem maxime. Sit veniam consequuntur ut est officiis. Possimus quia aperiam inventore totam ut voluptatem. Molestiae assumenda quibusdam doloribus autem architecto. Ad eum repudiandae magnam est modi.', '2021-05-20T13:28:01.877647Z'),
	(80, 'Nelson Glover V', 'Dolor sequi ex saepe nostrum dolore vitae praesentium. Necessitatibus optio optio laudantium repudiandae aut. Repudiandae quae aliquam culpa tempore. Deserunt non et deleniti ducimus doloribus possimus voluptas.', '2021-05-20T13:28:01.877990Z'),
	(81, 'Miss Gonzalo Kreiger', 'Rerum nulla similique ab cupiditate eos. Assumenda aut est quo vitae vel nostrum reiciendis. Necessitatibus eum tenetur. Fuga assumenda quidem sint et in ab totam.', '2021-05-20T13:28:01.878331Z'),
	(82, 'Dr. Rolande Barrows', 'Expedita accusamus molestiae sint aut et. Iste nesciunt voluptatem. Eveniet molestias amet ut ea non laboriosam.', '2021-05-20T13:28:01.878608Z'),
	(83, 'Woodrow Morar', 'Velit eos officia rerum quia. Recusandae impedit eaque necessitatibus voluptatum debitis tempora. Quas suscipit modi quaerat quos vero quaerat quo.', '2021-05-20T13:28:01.878909Z'),
	(84, 'Mark Shanahan DVM', 'Aspernatur quas eligendi velit ut quisquam. Ullam optio eligendi omnis quam sit. Quae non voluptatem debitis sunt illum nostrum ullam. Sint reprehenderit rerum illo nihil quas natus.', '2021-05-20T13:28:01.879287Z'),
	(85, 'Chiquita Jenkins MD', 'Accusamus aut eum. Reprehenderit qui omnis. Non architecto pariatur omnis nisi architecto. Sunt quo sed consequatur ipsam consequuntur.', '2021-05-20T13:28:01.879583Z'),
	(86, 'Anh Mante', 'Voluptates quibusdam sit. Suscipit eaque dolorem. Possimus rerum minima maxime excepturi impedit ea saepe.', '2021-05-20T13:28:01.879831Z'),
	(87, 'Darrin Emmerich', 'Consequatur facilis reiciendis qui est dignissimos. Accusantium qui et ut eaque esse sapiente. Sunt voluptatem tempore et nesciunt iure quasi sed. Vel ea culpa ex ut autem repellat. Id magni laborum.', '2021-05-20T13:28:01.880176Z'),
	(88, 'Lizette Vandervort', 'Nulla quia voluptas quia voluptates. Omnis delectus impedit possimus quas vel id. Accusantium reprehenderit error porro quidem qui nam cupiditate.', '2021-05-20T13:28:01.880516Z'),
	(89, 'Rosann Schmidt', 'Eaque in dignissimos est qui voluptatem voluptates. Natus hic voluptatibus eos cum sed. Aut vero debitis quo minima voluptas tempore. Harum illo dolor dolor quos. Enim voluptatibus quia non debitis et nulla sit.', '2021-05-20T13:28:01.880852Z'),
	(90, 'Hermina Stehr', 'Vel rem repellat velit et. Ea ipsum id soluta. Et voluptatibus ullam sunt consequatur temporibus illum.', '2021-05-20T13:28:01.881085Z'),
	(91, 'Dalila Altenwerth Jr.', 'Quos quo harum velit iure porro non. Ut et aut dicta inventore. Accusantium adipisci placeat eos. Sint aspernatur non eum inventore blanditiis.', '2021-05-20T13:28:01.881616Z'),
	(92, 'Mrs. Rex Gorczany', 'Porro dolores sit quis incidunt. Molestiae quis ipsam non. Et voluptas eveniet vero inventore atque.', '2021-05-20T13:28:01.881895Z'),
	(93, 'Mr. Amos Purdy', 'Magni expedita expedita commodi et mollitia. Minima aliquid aut nostrum dolorum voluptatem rerum. Earum minima et. Qui iusto ut quod dicta molestiae quia.', '2021-05-20T13:28:01.882198Z'),
	(94, 'Conchita Fadel', 'Expedita et rerum impedit laudantium. Quam distinctio illum nam minus ullam. Et ut suscipit non repellendus consequatur ipsam architecto. Repudiandae ea fugit laudantium ea. Vero itaque est ea aut.', '2021-05-20T13:28:01.882540Z'),
	(95, 'Lizette Balistreri Jr.', 'Similique laboriosam expedita. Et explicabo quam velit placeat modi laudantium. Voluptatibus libero illum exercitationem. Reprehenderit labore sint. Praesentium repudiandae aliquam voluptatem quia architecto voluptate.', '2021-05-20T13:28:01.882870Z'),
	(96, 'Mr. Katharina Purdy', 'Eos velit dolores aut ex quam sequi. Veniam molestias autem. Aut et aut autem dolorem magnam explicabo. Dolore culpa harum.', '2021-05-20T13:28:01.883159Z'),
	(97, 'Joey Schamberger', 'Quae perspiciatis magnam nulla occaecati. Et ducimus facilis vero doloribus ut necessitatibus. Est laborum corporis quae ipsam dolores reiciendis.', '2021-05-20T13:28:01.883451Z'),
	(98, 'Jamaal Batz', 'Quia omnis et beatae voluptatem. Ratione ut enim omnis. Assumenda temporibus ab sunt nostrum ut.', '2021-05-20T13:28:01.883692Z'),
	(99, 'Erika Morissette', 'Adipisci doloribus tenetur eos. Fugiat ut voluptatibus. Perferendis aut sed.', '2021-05-20T13:28:01.883928Z'),
	(100, 'Tyree King', 'Est error odit a quam quo doloribus vel. Velit et voluptas repudiandae. Earum sint consequuntur velit atque dolorem sequi. Cum eos sunt consequatur non delectus occaecati debitis. Numquam earum a voluptate dignissimos.', '2021-05-20T13:28:01.884253Z');

-- PUBLISHERS
INSERT INTO t_publishers (id, name, created_date) VALUES
	(1, 'Blackwell Publishing', '2021-05-20T13:28:01.884333Z'),
	(2, 'Etruscan Press', '2021-05-20T13:28:01.884378Z'),
	(3, 'HarperTrophy', '2021-05-20T13:28:01.884417Z'),
	(4, 'Taunton Press', '2021-05-20T13:28:01.884465Z'),
	(5, 'Indiana University Press', '2021-05-20T13:28:01.884503Z'),
	(6, 'BBC Books', '2021-05-20T13:28:01.884541Z'),
	(7, 'New English Library', '2021-05-20T13:28:01.884579Z'),
	(8, 'Hogarth Press', '2021-05-20T13:28:01.884616Z'),
	(9, 'McFarland & Company', '2021-05-20T13:28:01.884655Z'),
	(10, 'University of Chicago Press', '2021-05-20T13:28:01.884694Z'),
	(11, 'Reed Elsevier', '2021-05-20T13:28:01.884734Z'),
	(12, 'Virgin Publishing', '2021-05-20T13:28:01.884772Z'),
	(13, 'G. P. Putnams Sons', '2021-05-20T13:28:01.884817Z'),
	(14, 'Harcourt Assessment', '2021-05-20T13:28:01.884855Z'),
	(15, 'Parragon', '2021-05-20T13:28:01.884893Z'),
	(16, 'Mainstream Publishing', '2021-05-20T13:28:01.884930Z'),
	(17, 'Nonesuch Press', '2021-05-20T13:28:01.884968Z'),
	(18, 'No Starch Press', '2021-05-20T13:28:01.885006Z'),
	(19, 'Atlas Press', '2021-05-20T13:28:01.885048Z'),
	(20, 'David & Charles', '2021-05-20T13:28:01.885085Z'),
	(21, 'Oberon Books', '2021-05-20T13:28:01.885124Z'),
	(22, 'McClelland and Stewart', '2021-05-20T13:28:01.885161Z'),
	(23, 'Medknow Publications', '2021-05-20T13:28:01.885199Z'),
	(24, 'Library of America', '2021-05-20T13:28:01.885237Z'),
	(25, 'Macmillan Publishers', '2021-05-20T13:28:01.885274Z'),
	(26, 'Holland Park Press', '2021-05-20T13:28:01.885313Z'),
	(27, 'Caister Academic Press', '2021-05-20T13:28:01.885356Z'),
	(28, 'Secker & Warburg', '2021-05-20T13:28:01.885398Z'),
	(29, 'Papadakis Publisher', '2021-05-20T13:28:01.885456Z'),
	(30, 'Flame Tree Publishing', '2021-05-20T13:28:01.885495Z'),
	(31, 'Viking Press', '2021-05-20T13:28:01.885533Z'),
	(32, 'Casemate Publishers', '2021-05-20T13:28:01.885570Z'),
	(33, 'Pecan Grove Press', '2021-05-20T13:28:01.885615Z'),
	(34, 'Papadakis Publisher', '2021-05-20T13:28:01.885655Z'),
	(35, 'Tarpaulin Sky Press', '2021-05-20T13:28:01.885699Z'),
	(36, 'Viking Press', '2021-05-20T13:28:01.885761Z'),
	(37, 'Allen Ltd', '2021-05-20T13:28:01.885800Z'),
	(38, 'Vintage Books', '2021-05-20T13:28:01.885836Z'),
	(39, 'Charles Scribners Sons', '2021-05-20T13:28:01.885876Z'),
	(40, 'McGraw-Hill Education', '2021-05-20T13:28:01.885915Z'),
	(41, 'Bantam Spectra', '2021-05-20T13:28:01.885958Z'),
	(42, 'Chambers Harrap', '2021-05-20T13:28:01.885995Z'),
	(43, 'Matthias Media', '2021-05-20T13:28:01.886032Z'),
	(44, 'University of Nebraska Press', '2021-05-20T13:28:01.886071Z'),
	(45, 'DAW Books', '2021-05-20T13:28:01.886109Z'),
	(46, 'Haynes Manuals', '2021-05-20T13:28:01.886209Z'),
	(47, 'Charles Scribners Sons', '2021-05-20T13:28:01.886253Z'),
	(48, 'Booktrope', '2021-05-20T13:28:01.886291Z'),
	(49, 'Cambridge University Press', '2021-05-20T13:28:01.886331Z'),
	(50, 'Carlton Books', '2021-05-20T13:28:01.886370Z'),
	(51, 'Naiad Press', '2021-05-20T13:28:01.886405Z'),
	(52, 'Charles Scribners Sons', '2021-05-20T13:28:01.886455Z'),
	(53, 'Charles Scribners Sons', '2021-05-20T13:28:01.886493Z'),
	(54, 'Carlton Publishing Group', '2021-05-20T13:28:01.886530Z'),
	(55, 'Harry N. Abrams, Inc.', '2021-05-20T13:28:01.886566Z'),
	(56, 'New Village Press', '2021-05-20T13:28:01.886602Z'),
	(57, 'Manchester University Press', '2021-05-20T13:28:01.886639Z'),
	(58, 'Ace Books', '2021-05-20T13:28:01.886676Z'),
	(59, 'Mandrake Press', '2021-05-20T13:28:01.886722Z'),
	(60, 'J. M. Dent', '2021-05-20T13:28:01.886758Z'),
	(61, 'Random House', '2021-05-20T13:28:01.886794Z'),
	(62, 'Liberty Fund', '2021-05-20T13:28:01.886829Z'),
	(63, 'George Newnes', '2021-05-20T13:28:01.886865Z'),
	(64, 'McGraw-Hill Education', '2021-05-20T13:28:01.886916Z'),
	(65, 'Heyday Books', '2021-05-20T13:28:01.886957Z'),
	(66, 'McFarland & Company', '2021-05-20T13:28:01.886992Z'),
	(67, 'St. Martins Press', '2021-05-20T13:28:01.887028Z'),
	(68, 'Koren Publishers Jerusalem', '2021-05-20T13:28:01.887064Z'),
	(69, 'Lion Hudson', '2021-05-20T13:28:01.887101Z'),
	(70, 'Anova Books', '2021-05-20T13:28:01.887136Z'),
	(71, 'Ballantine Books', '2021-05-20T13:28:01.887175Z'),
	(72, 'Papadakis Publisher', '2021-05-20T13:28:01.887211Z'),
	(73, 'Signet Books', '2021-05-20T13:28:01.887246Z'),
	(74, 'Pecan Grove Press', '2021-05-20T13:28:01.887281Z'),
	(75, 'Anova Books', '2021-05-20T13:28:01.887318Z'),
	(76, 'Bloomsbury Publishing Plc', '2021-05-20T13:28:01.887354Z'),
	(77, 'Elsevier', '2021-05-20T13:28:01.887392Z'),
	(78, 'Simon & Schuster', '2021-05-20T13:28:01.887427Z'),
	(79, 'NavPress', '2021-05-20T13:28:01.887460Z'),
	(80, 'Kessinger Publishing', '2021-05-20T13:28:01.887497Z'),
	(81, 'Athabasca University Press', '2021-05-20T13:28:01.887533Z'),
	(82, 'Tartarus Press', '2021-05-20T13:28:01.887568Z'),
	(83, 'McGraw-Hill Education', '2021-05-20T13:28:01.887603Z'),
	(84, 'G-Unit Books', '2021-05-20T13:28:01.887641Z'),
	(85, 'Sams Publishing', '2021-05-20T13:28:01.887675Z'),
	(86, 'Cloverdale Corporation', '2021-05-20T13:28:01.887711Z'),
	(87, 'Harvill Press at Random House', '2021-05-20T13:28:01.887758Z'),
	(88, 'George Newnes', '2021-05-20T13:28:01.887790Z'),
	(89, 'Churchill Livingstone', '2021-05-20T13:28:01.887826Z'),
	(90, 'Basic Books', '2021-05-20T13:28:01.887861Z'),
	(91, 'Golden Cockerel Press', '2021-05-20T13:28:01.887895Z'),
	(92, 'Eerdmans Publishing', '2021-05-20T13:28:01.887943Z'),
	(93, 'Taunton Press', '2021-05-20T13:28:01.887992Z'),
	(94, 'Karadi Tales', '2021-05-20T13:28:01.888023Z'),
	(95, 'Focal Press', '2021-05-20T13:28:01.888054Z'),
	(96, 'Ian Allan Publishing', '2021-05-20T13:28:01.888090Z'),
	(97, 'Harvill Press at Random House', '2021-05-20T13:28:01.888122Z'),
	(98, 'Applewood Books', '2021-05-20T13:28:01.888153Z'),
	(99, 'Kogan Page', '2021-05-20T13:28:01.888184Z'),
	(100, 'Indiana University Press', '2021-05-20T13:28:01.888216Z');

-- CUSTOMERS
INSERT INTO t_customers (id, first_name, last_name, e_mail, created_date) VALUES
	(1, 'Winnifred', 'Schuppe', 'dan.hills@yahoo.com', '2021-05-20T13:28:01.915789Z'),
	(2, 'Woodrow', 'Denesik', 'glenn.waelchi@hotmail.com', '2021-05-20T13:28:01.916151Z'),
	(3, 'Ambrose', 'Kling', 'mardell.altenwerth@gmail.com', '2021-05-20T13:28:01.916373Z'),
	(4, 'Fritz', 'Mante', 'cherelle.von@gmail.com', '2021-05-20T13:28:01.916559Z'),
	(5, 'Alphonse', 'Cummings', 'anita.hoppe@gmail.com', '2021-05-20T13:28:01.916723Z'),
	(6, 'Mervin', 'Graham', 'cyrus.ferry@hotmail.com', '2021-05-20T13:28:01.916882Z'),
	(7, 'Carlita', 'Mraz', 'russ.howe@gmail.com', '2021-05-20T13:28:01.917081Z'),
	(8, 'Jude', 'Reichel', 'connie.stamm@yahoo.com', '2021-05-20T13:28:01.917276Z'),
	(9, 'Patrice', 'Lebsack', 'raymon.jakubowski@hotmail.com', '2021-05-20T13:28:01.917451Z'),
	(10, 'Stephan', 'Rau', 'nicky.schowalter@yahoo.com', '2021-05-20T13:28:01.917627Z'),
	(11, 'Herschel', 'Hand', 'ozzie.reichert@yahoo.com', '2021-05-20T13:28:01.917793Z'),
	(12, 'Trey', 'Waters', 'odell.bruen@yahoo.com', '2021-05-20T13:28:01.917956Z'),
	(13, 'Genie', 'Yundt', 'albina.bayer@hotmail.com', '2021-05-20T13:28:01.918121Z'),
	(14, 'Alice', 'Zboncak', 'douglass.strosin@hotmail.com', '2021-05-20T13:28:01.918288Z'),
	(15, 'Ted', 'Wiza', 'dee.beahan@hotmail.com', '2021-05-20T13:28:01.918451Z'),
	(16, 'Sydney', 'Stamm', 'valentin.kunde@hotmail.com', '2021-05-20T13:28:01.918648Z'),
	(17, 'Saul', 'Christiansen', 'rocco.reichert@gmail.com', '2021-05-20T13:28:01.918818Z'),
	(18, 'Jasmin', 'Corwin', 'raul.collier@hotmail.com', '2021-05-20T13:28:01.918979Z'),
	(19, 'Maryellen', 'Mueller', 'randall.kunze@hotmail.com', '2021-05-20T13:28:01.919137Z'),
	(20, 'Edmundo', 'Cremin', 'clint.dach@gmail.com', '2021-05-20T13:28:01.919290Z'),
	(21, 'Pia', 'Mraz', 'loree.strosin@yahoo.com', '2021-05-20T13:28:01.919450Z'),
	(22, 'Ronny', 'Wilkinson', 'jose.kozey@gmail.com', '2021-05-20T13:28:01.919653Z'),
	(23, 'Elisha', 'Wehner', 'wava.botsford@hotmail.com', '2021-05-20T13:28:01.919853Z'),
	(24, 'Denny', 'Shanahan', 'felix.mcclure@hotmail.com', '2021-05-20T13:28:01.920010Z'),
	(25, 'Cierra', 'Bernier', 'tisa.cartwright@gmail.com', '2021-05-20T13:28:01.920173Z'),
	(26, 'Jeffery', 'Shanahan', 'shelli.vandervort@yahoo.com', '2021-05-20T13:28:01.920332Z'),
	(27, 'Matt', 'Brown', 'porfirio.reinger@yahoo.com', '2021-05-20T13:28:01.920482Z'),
	(28, 'Jamie', 'Crist', 'santos.baumbach@gmail.com', '2021-05-20T13:28:01.920645Z'),
	(29, 'Erinn', 'Stanton', 'bennie.douglas@gmail.com', '2021-05-20T13:28:01.920795Z'),
	(30, 'Leonel', 'Hayes', 'chester.kiehn@hotmail.com', '2021-05-20T13:28:01.920972Z'),
	(31, 'Cierra', 'Cummings', 'jerold.senger@yahoo.com', '2021-05-20T13:28:01.921135Z'),
	(32, 'Kathlyn', 'Hamill', 'madge.beer@gmail.com', '2021-05-20T13:28:01.921273Z'),
	(33, 'Elmer', 'Hane', 'amelia.bednar@yahoo.com', '2021-05-20T13:28:01.921410Z'),
	(34, 'Latonia', 'Rodriguez', 'patti.denesik@gmail.com', '2021-05-20T13:28:01.921547Z'),
	(35, 'Theo', 'Gerhold', 'karisa.larson@gmail.com', '2021-05-20T13:28:01.921729Z'),
	(36, 'Katherin', 'Rohan', 'laverne.douglas@gmail.com', '2021-05-20T13:28:01.921874Z'),
	(37, 'Wanita', 'Douglas', 'zachariah.moore@yahoo.com', '2021-05-20T13:28:01.922030Z'),
	(38, 'Matthew', 'Pacocha', 'thomas.kozey@gmail.com', '2021-05-20T13:28:01.922174Z'),
	(39, 'Pat', 'Fahey', 'charissa.lubowitz@hotmail.com', '2021-05-20T13:28:01.922328Z'),
	(40, 'Clark', 'Harvey', 'blaine.daniel@yahoo.com', '2021-05-20T13:28:01.922469Z'),
	(41, 'Elbert', 'Lehner', 'bobby.herman@hotmail.com', '2021-05-20T13:28:01.922606Z'),
	(42, 'Tonisha', 'Jerde', 'lucien.kautzer@yahoo.com', '2021-05-20T13:28:01.922749Z'),
	(43, 'Willis', 'Klein', 'emery.yundt@hotmail.com', '2021-05-20T13:28:01.922880Z'),
	(44, 'Leandro', 'Okuneva', 'rachele.crooks@yahoo.com', '2021-05-20T13:28:01.923033Z'),
	(45, 'Jarvis', 'Mante', 'janelle.walter@gmail.com', '2021-05-20T13:28:01.923161Z'),
	(46, 'Jude', 'Kirlin', 'joella.ernser@hotmail.com', '2021-05-20T13:28:01.923299Z'),
	(47, 'Maya', 'Stroman', 'clifton.deckow@yahoo.com', '2021-05-20T13:28:01.923428Z'),
	(48, 'Kyla', 'Greenfelder', 'woodrow.dubuque@gmail.com', '2021-05-20T13:28:01.923559Z'),
	(49, 'Eliz', 'Veum', 'wilbert.doyle@yahoo.com', '2021-05-20T13:28:01.923690Z'),
	(50, 'Osvaldo', 'Gleichner', 'phil.zieme@hotmail.com', '2021-05-20T13:28:01.923821Z'),
	(51, 'Jaimie', 'Waters', 'margaretta.braun@gmail.com', '2021-05-20T13:28:01.923950Z'),
	(52, 'Jesus', 'Ullrich', 'shenna.marks@yahoo.com', '2021-05-20T13:28:01.924079Z'),
	(53, 'Kareem', 'Douglas', 'simone.schneider@hotmail.com', '2021-05-20T13:28:01.924221Z'),
	(54, 'Jene', 'Fisher', 'zita.lang@hotmail.com', '2021-05-20T13:28:01.924354Z'),
	(55, 'Lloyd', 'Russel', 'kurtis.roob@yahoo.com', '2021-05-20T13:28:01.924486Z'),
	(56, 'Lorette', 'Lueilwitz', 'tracey.kuhn@yahoo.com', '2021-05-20T13:28:01.924618Z'),
	(57, 'Georgiana', 'Ledner', 'samuel.kilback@gmail.com', '2021-05-20T13:28:01.924758Z'),
	(58, 'Genevieve', 'Keebler', 'reid.dubuque@yahoo.com', '2021-05-20T13:28:01.924984Z'),
	(59, 'Shaunta', 'Ratke', 'akiko.mosciski@hotmail.com', '2021-05-20T13:28:01.925119Z'),
	(60, 'Bobbye', 'Franecki', 'dallas.stanton@hotmail.com', '2021-05-20T13:28:01.925251Z'),
	(61, 'Adalberto', 'Hermiston', 'mohammed.flatley@gmail.com', '2021-05-20T13:28:01.925383Z'),
	(62, 'Grady', 'King', 'katie.koss@yahoo.com', '2021-05-20T13:28:01.925706Z'),
	(63, 'Carmine', 'Johns', 'vito.gerhold@hotmail.com', '2021-05-20T13:28:01.925901Z'),
	(64, 'Royce', 'Treutel', 'mac.schuster@yahoo.com', '2021-05-20T13:28:01.926043Z'),
	(65, 'Josefa', 'Schuppe', 'patrina.hettinger@gmail.com', '2021-05-20T13:28:01.926185Z'),
	(66, 'Deneen', 'Block', 'robby.rempel@hotmail.com', '2021-05-20T13:28:01.926317Z'),
	(67, 'Olinda', 'Pollich', 'ben.lowe@gmail.com', '2021-05-20T13:28:01.926454Z'),
	(68, 'Mitchel', 'Anderson', 'terence.haag@gmail.com', '2021-05-20T13:28:01.926617Z'),
	(69, 'Wilfred', 'Waelchi', 'hien.kling@hotmail.com', '2021-05-20T13:28:01.926754Z'),
	(70, 'Tod', 'Walker', 'soledad.swift@yahoo.com', '2021-05-20T13:28:01.926910Z'),
	(71, 'Kurt', 'Homenick', 'hoyt.russel@yahoo.com', '2021-05-20T13:28:01.927049Z'),
	(72, 'Lyman', 'Bergstrom', 'jefferson.russel@yahoo.com', '2021-05-20T13:28:01.927197Z'),
	(73, 'Beatrice', 'Hessel', 'krystina.gulgowski@hotmail.com', '2021-05-20T13:28:01.927336Z'),
	(74, 'Marianne', 'Fisher', 'lori.steuber@hotmail.com', '2021-05-20T13:28:01.927474Z'),
	(75, 'Francisco', 'Altenwerth', 'cory.senger@yahoo.com', '2021-05-20T13:28:01.927619Z'),
	(76, 'Joan', 'Simonis', 'elwood.effertz@gmail.com', '2021-05-20T13:28:01.927758Z'),
	(77, 'Loni', 'Volkman', 'zola.marquardt@hotmail.com', '2021-05-20T13:28:01.927904Z'),
	(78, 'Aron', 'Wuckert', 'lourdes.baumbach@yahoo.com', '2021-05-20T13:28:01.928038Z'),
	(79, 'Chi', 'Hudson', 'elvin.larkin@gmail.com', '2021-05-20T13:28:01.928177Z'),
	(80, 'Stephan', 'Becker', 'tess.vandervort@yahoo.com', '2021-05-20T13:28:01.928334Z'),
	(81, 'Nickolas', 'Fahey', 'adan.pfannerstill@hotmail.com', '2021-05-20T13:28:01.928476Z'),
	(82, 'Tawny', 'Spinka', 'toi.emmerich@gmail.com', '2021-05-20T13:28:01.928622Z'),
	(83, 'Angelyn', 'Kuhic', 'hai.gutkowski@hotmail.com', '2021-05-20T13:28:01.928764Z'),
	(84, 'Mickey', 'Jacobs', 'lorelei.mcclure@hotmail.com', '2021-05-20T13:28:01.928901Z'),
	(85, 'Jacqulyn', 'Parisian', 'lady.hackett@hotmail.com', '2021-05-20T13:28:01.929040Z'),
	(86, 'Jazmine', 'Purdy', 'brain.nienow@gmail.com', '2021-05-20T13:28:01.929184Z'),
	(87, 'Tory', 'Little', 'tomiko.keeling@gmail.com', '2021-05-20T13:28:01.929326Z'),
	(88, 'Noble', 'Sanford', 'dorine.dubuque@yahoo.com', '2021-05-20T13:28:01.929462Z'),
	(89, 'Kenny', 'Zulauf', 'kortney.romaguera@gmail.com', '2021-05-20T13:28:01.929613Z'),
	(90, 'Tobias', 'Zulauf', 'clark.kub@hotmail.com', '2021-05-20T13:28:01.929774Z'),
	(91, 'Hilario', 'Gibson', 'gaylord.gorczany@hotmail.com', '2021-05-20T13:28:01.929903Z'),
	(92, 'Lorina', 'Harvey', 'conrad.mckenzie@hotmail.com', '2021-05-20T13:28:01.930029Z'),
	(93, 'Vera', 'Orn', 'jake.rippin@yahoo.com', '2021-05-20T13:28:01.930156Z'),
	(94, 'Janean', 'Boyer', 'hosea.okuneva@hotmail.com', '2021-05-20T13:28:01.930282Z'),
	(95, 'Ernestine', 'Price', 'lissette.bauch@hotmail.com', '2021-05-20T13:28:01.930409Z'),
	(96, 'Olin', 'Keeling', 'renetta.leuschke@gmail.com', '2021-05-20T13:28:01.930545Z'),
	(97, 'Adella', 'Feest', 'keri.bauch@yahoo.com', '2021-05-20T13:28:01.930673Z'),
	(98, 'Madison', 'Fritsch', 'lamar.oconner@gmail.com', '2021-05-20T13:28:01.930799Z'),
	(99, 'Briana', 'Veum', 'lesley.okon@hotmail.com', '2021-05-20T13:28:01.930926Z'),
	(100, 'Kimber', 'Koch', 'lou.keebler@gmail.com', '2021-05-20T13:28:01.931062Z');

-- CDS
INSERT INTO t_items (dtype, id, artist_fk, title, price, genre, music_company, description, created_date) VALUES
	('CD', 1, 61, 'Crosby, Stills, Nash and Young', 20, 'Classical', 'Simonis, Kovacek and Walter', 'Quo voluptate magnam assumenda. Minus labore excepturi dolorum blanditiis quibusdam quisquam velit. Voluptatibus quo perspiciatis sit ut. Amet asperiores dolorem. Eveniet sed voluptatem fugiat enim placeat qui.', '2021-05-20T13:28:01.947289Z'),
	('CD', 2, 75, 'Genesis', 12, 'Rock', 'Hilpert LLC', 'Autem quasi rerum nobis quasi culpa. Tempore esse laborum nisi architecto aut. Quia adipisci impedit aut debitis. Sunt quod ipsam optio. Praesentium est quidem quisquam labore et dolores earum.', '2021-05-20T13:28:01.947960Z'),
	('CD', 3, 56, 'Genesis', 24, 'Classical', 'Gleichner-Ward', 'Vel ea dolorem. Nostrum reprehenderit molestiae vel. Consequuntur cum laboriosam architecto non voluptate suscipit quam. Sit ut et maxime voluptatem molestias animi.', '2021-05-20T13:28:01.948320Z'),
	('CD', 4, 13, 'No Doubt', 36, 'Country', 'DAmore-Hirthe', 'Dolores tenetur sed qui laboriosam beatae quia accusamus. Aperiam et eligendi commodi culpa. Totam culpa optio unde vero assumenda sed. Velit porro ipsum expedita ullam fugiat hic tenetur.', '2021-05-20T13:28:01.948729Z'),
	('CD', 5, 47, 'Underworld', 12, 'Latin', 'Gottlieb-Rosenbaum', 'Quibusdam rerum iste. Eveniet odio provident et. Tempora ratione deleniti eos sapiente odio unde.', '2021-05-20T13:28:01.949075Z'),
	('CD', 6, 2, 'The Beastie Boys', 25, 'Folk', 'Crooks-Kovacek', 'Commodi facere quia. Ab delectus quaerat. Delectus ut laudantium dolores.', '2021-05-20T13:28:01.949364Z'),
	('CD', 7, 61, 'Traffic', 31, 'Reggae', 'Heathcote, Jaskolski and Little', 'Quod vero dolor rerum quam in enim. Aperiam animi qui sunt optio dolorum laudantium. Est voluptas ducimus voluptatum reiciendis.', '2021-05-20T13:28:01.949754Z'),
	('CD', 8, 39, 'The Kinks', 59, 'Non Music', 'Koepp Inc', 'Voluptatem eos tenetur explicabo inventore facere quisquam sit. Eaque et et. Qui dolore ut. Excepturi tenetur quos autem rerum et.', '2021-05-20T13:28:01.950101Z'),
	('CD', 9, 35, 'Bon Jovi', 19, 'Jazz', 'Mraz, Krajcik and Kihn', 'Eos aliquam omnis incidunt qui. Omnis sed voluptatum in quas et illo. In modi nesciunt non molestiae velit quia. Labore ducimus a. Quae deleniti aut mollitia dignissimos culpa.', '2021-05-20T13:28:01.950527Z'),
	('CD', 10, 12, 'Motley Crue', 28, 'Stage And Screen', 'Waelchi Inc', 'Asperiores itaque repellat in voluptate tenetur consectetur. Asperiores magnam numquam saepe dolorem dignissimos et. Dignissimos velit animi sapiente dolorem quisquam corrupti. Placeat voluptatem consequatur laboriosam commodi nam.', '2021-05-20T13:28:01.950863Z'),
	('CD', 11, 3, 'Soundgarden', 78, 'Pop', 'Monahan-Rippin', 'Fugiat atque quis quod. Excepturi quis et alias. Vitae unde a quam et voluptatibus aut provident.', '2021-05-20T13:28:01.951202Z'),
	('CD', 12, 52, 'Black Eyed Peas', 60, 'Hip Hop', 'Torp, Hills and Goldner', 'Fugit eius illum. Quia laboriosam aut sequi culpa aliquam. Quisquam iusto quam eum voluptatem. Quod et quisquam tempore neque earum. Ratione numquam consectetur dicta minus veniam.', '2021-05-20T13:28:01.951637Z'),
	('CD', 13, 84, 'Dixie Chicks', 77, 'Pop', 'Kautzer LLC', 'Minima cumque quibusdam repudiandae earum inventore eius. Corrupti voluptate soluta veritatis et sed. Quia ex magni. Omnis commodi optio alias et fugit mollitia et. Dolores numquam ullam expedita perferendis tempore earum.', '2021-05-20T13:28:01.952034Z'),
	('CD', 14, 85, 'Isaac Hayes and the Movement', 89, 'Hip Hop', 'Little, Gerhold and Schoen', 'Quo ipsam nostrum repellendus eos. Adipisci sed odit quibusdam animi dicta. Explicabo nihil et voluptatibus pariatur amet culpa. Dolor esse et.', '2021-05-20T13:28:01.952425Z'),
	('CD', 15, 58, 'Iron Maiden', 32, 'Folk', 'Hauck-Gottlieb', 'Harum eveniet sapiente enim atque. Non aliquid voluptatibus. Consequuntur quod nostrum.', '2021-05-20T13:28:01.952715Z'),
	('CD', 16, 73, 'Sly and the Family Stone', 13, 'Country', 'OKeefe-Harvey', 'Consectetur natus quaerat dolore doloribus qui. Reprehenderit repellat est perspiciatis nesciunt aut nulla. Quas eum dignissimos. Perferendis aliquid quaerat qui dolor quia. Inventore mollitia ipsa itaque.', '2021-05-20T13:28:01.953103Z'),
	('CD', 17, 57, 'The Bee Gees', 63, 'Stage And Screen', 'Moore Group', 'Autem quis expedita fugit et eveniet aliquid ut. Et est aut est tempora. Rem molestiae optio ab nobis architecto fugiat commodi. Iste ea quis ut repudiandae velit. Accusamus quisquam dignissimos tenetur dolor quia porro sit.', '2021-05-20T13:28:01.953544Z'),
	('CD', 18, 23, 'Guns N Roses', 59, 'Stage And Screen', 'Botsford Inc', 'Ratione beatae facere eos earum officiis delectus quo. Adipisci ut aut alias. Assumenda cumque et. Molestiae illum quos quos sequi ad voluptatum dolores. Omnis amet aut odio.', '2021-05-20T13:28:01.953983Z'),
	('CD', 19, 40, 'U2', 82, 'World', 'Shields Group', 'Aut optio labore nihil. Ducimus dolorem optio cupiditate aliquid cupiditate nam. Ut natus adipisci quibusdam neque ipsa ipsam ea.', '2021-05-20T13:28:01.954292Z'),
	('CD', 20, 72, 'R.E.M.', 43, 'Stage And Screen', 'Jones, Altenwerth and Howell', 'Voluptates similique qui facilis autem at rerum dolor. Non nihil ipsum eveniet. Consectetur qui nihil facilis quia ab accusantium.', '2021-05-20T13:28:01.954673Z'),
	('CD', 21, 39, 'The Beastie Boys', 38, 'Stage And Screen', 'Heller-Abshire', 'Sint quis excepturi dolorem. Sed libero cum qui. Possimus tempore tenetur iusto esse ut ut omnis. Praesentium nulla fugiat nostrum sapiente.', '2021-05-20T13:28:01.955004Z'),
	('CD', 22, 44, 'Crosby, Stills, Nash and Young', 29, 'Electronic', 'Carroll Inc', 'Et et alias sint illo delectus magnam et. Quisquam error expedita dolores reprehenderit. Consequatur iusto repellat temporibus et. Incidunt aut ea ipsam dolores vitae.', '2021-05-20T13:28:01.955325Z'),
	('CD', 23, 59, 'Stone Temple Pilots', 89, 'Classical', 'Corwin, Armstrong and Bauch', 'Soluta cupiditate aut. Eos non id. Atque dicta cupiditate nam ullam. Quis dolores sit voluptatem. Commodi doloribus qui omnis sapiente.', '2021-05-20T13:28:01.955671Z'),
	('CD', 24, 29, 'The Pretenders', 26, 'Stage And Screen', 'Rolfson, Mohr and Feil', 'Aliquam placeat assumenda est commodi quisquam autem deleniti. Illum iure consequatur voluptas ut et tenetur molestiae. Veniam odio illo rerum. Dolorum nemo voluptas suscipit dignissimos ex. Nihil et minima maiores.', '2021-05-20T13:28:01.956094Z'),
	('CD', 25, 72, 'Boston', 42, 'Jazz', 'Padberg LLC', 'Magni eligendi rerum non. Dolor id accusantium quae. Sed harum libero sed quia nesciunt sunt earum.', '2021-05-20T13:28:01.956383Z'),
	('CD', 26, 87, 'Traffic', 56, 'Funk', 'Nicolas Group', 'Sapiente ut consequatur quidem. Alias perspiciatis cum exercitationem sapiente. Commodi similique est.', '2021-05-20T13:28:01.956687Z'),
	('CD', 27, 77, 'Pearl Jam', 63, 'Classical', 'Moen-OKon', 'Laborum cum saepe quaerat quam. Alias velit magni qui quia quia. Quidem optio voluptatem aut velit voluptas dolores.', '2021-05-20T13:28:01.957036Z'),
	('CD', 28, 19, 'Steely Dan', 19, 'Country', 'Bruen Inc', 'Aspernatur dolor aliquam consequuntur est voluptates inventore. Qui omnis et nisi quo. Natus non ad aperiam. Totam cupiditate occaecati ex harum.', '2021-05-20T13:28:01.957357Z'),
	('CD', 29, 43, 'Fleetwood Mac', 28, 'Funk', 'Toy, Muller and Stanton', 'Aut totam qui aspernatur. Enim enim provident. Ipsa aliquam necessitatibus architecto eum ab ea. Velit ullam et. Ab qui totam.', '2021-05-20T13:28:01.957705Z'),
	('CD', 30, 10, 'Journey', 27, 'Folk', 'Ledner Group', 'Dolor aut est. Minima aut non. Sint officia dignissimos ullam sunt dignissimos est. Non voluptas quae.', '2021-05-20T13:28:01.957972Z'),
	('CD', 31, 63, 'Underworld', 23, 'Jazz', 'Shanahan-Robel', 'Qui aliquid nesciunt quam. Est omnis exercitationem. Pariatur ea inventore voluptates a aut modi.', '2021-05-20T13:28:01.958230Z'),
	('CD', 32, 50, 'The Band', 83, 'Hip Hop', 'Fritsch, Reilly and Cummerata', 'Architecto qui dolore beatae voluptate numquam error. Non voluptatum ut in temporibus. Maxime consequatur nam ad molestias magni. Non est tenetur repudiandae provident ratione omnis. Dolor ducimus et.', '2021-05-20T13:28:01.958597Z'),
	('CD', 33, 33, 'Deep Purple', 12, 'Funk', 'Metz and Sons', 'Aut repellendus ut explicabo similique accusamus consequatur. Sunt excepturi dolor et distinctio et quae. Voluptas qui tempora. Vitae quod deserunt et odio incidunt quae.', '2021-05-20T13:28:01.958894Z'),
	('CD', 34, 41, 'Motorhead', 46, 'Folk', 'Bartell LLC', 'Aut non veniam. Mollitia voluptatibus tenetur eos. Aliquam praesentium voluptates aspernatur rerum possimus illo. Similique in ducimus magnam qui.', '2021-05-20T13:28:01.959220Z'),
	('CD', 35, 9, 'Primus', 6, 'Electronic', 'Hickle-Predovic', 'Officia consequatur et et officia minima distinctio error. Et dicta sint. Tempora tempore qui quae soluta recusandae.', '2021-05-20T13:28:01.959530Z'),
	('CD', 36, 26, 'Stone Temple Pilots', 19, 'Classical', 'Stroman, Fadel and Goodwin', 'Dolores molestias eligendi nesciunt repellendus eum facilis eos. Praesentium autem sed assumenda iste qui aut. Ullam magnam voluptas unde. Et nihil sed veniam ea laudantium. Illo voluptate non laboriosam officia blanditiis.', '2021-05-20T13:28:01.959931Z'),
	('CD', 37, 82, 'Sex Pistols', 28, 'Hip Hop', 'Flatley-Hilll', 'Aperiam neque ut error a non eum quisquam. Vel odio illo possimus est aperiam sit. Et quos quia expedita. Cum nulla accusamus dolorem eligendi aut esse. Illo doloribus nobis labore eveniet dolores quidem.', '2021-05-20T13:28:01.960307Z'),
	('CD', 38, 83, 'The Clash', 79, 'Rock', 'Rodriguez Group', 'Dolor natus et voluptatum cupiditate omnis repellendus. Rem fuga quas placeat. Neque vitae nulla ad.', '2021-05-20T13:28:01.960576Z'),
	('CD', 39, 20, 'Queen', 84, 'Soul', 'Lehner LLC', 'Doloribus quibusdam tenetur neque provident et quibusdam consequatur. Facere nulla omnis voluptate veniam. Incidunt et voluptatem unde.', '2021-05-20T13:28:01.961163Z'),
	('CD', 40, 44, 'The Bee Gees', 40, 'Rap', 'Goodwin Inc', 'Necessitatibus sequi quisquam libero deserunt eum. Et quam nesciunt voluptatum. Ut pariatur molestiae. Cumque eius ipsam voluptatum qui. Error impedit quas.', '2021-05-20T13:28:01.961540Z'),
	('CD', 41, 31, 'Fleetwood Mac', 76, 'Funk', 'Kuphal, Lowe and Senger', 'Veritatis officia exercitationem repudiandae asperiores qui quo saepe. Quidem iusto quaerat in est blanditiis necessitatibus animi. Dolorem velit illum consequatur officiis.', '2021-05-20T13:28:01.961918Z'),
	('CD', 42, 40, 'Crosby, Stills, Nash and Young', 90, 'World', 'Jacobs, Price and Ryan', 'Quos autem esse corporis maxime magni voluptas. Temporibus corporis voluptatem. Facilis incidunt et eaque. Reiciendis unde illo qui dignissimos ducimus est magni. Consectetur eligendi accusantium culpa quia consequatur.', '2021-05-20T13:28:01.962351Z'),
	('CD', 43, 60, 'Harold Melvin and the Blue Notes', 31, 'Soul', 'OHara, Johnston and Sanford', 'Numquam facilis est quis. Qui consequuntur ea perspiciatis alias iure. Dolorum facilis provident sapiente.', '2021-05-20T13:28:01.962715Z'),
	('CD', 44, 48, 'Thievery Corporation', 15, 'Rap', 'Williamson LLC', 'Fugit quia consequatur autem et. Voluptas officiis suscipit earum ab. Iure rerum id. Autem dolorum vel vel quidem.', '2021-05-20T13:28:01.962980Z'),
	('CD', 45, 27, 'Earth Wind and Fire', 63, 'Non Music', 'Blanda Inc', 'Itaque fugit dolorum ut consequatur. Quis quos et ut maxime. Ut voluptas et.', '2021-05-20T13:28:01.963213Z'),
	('CD', 46, 10, 'Judas Priest', 73, 'Latin', 'Walter, Harris and White', 'Quod ad ab eos voluptas. Omnis asperiores non voluptatem quasi dolor assumenda deserunt. Aut non unde dolorum atque quia dicta. Et quis labore esse. Porro id at minus debitis eum architecto.', '2021-05-20T13:28:01.963574Z'),
	('CD', 47, 79, 'AC/DC', 50, 'Hip Hop', 'Nitzsche Inc', 'Aut deserunt ut ut. Rerum nostrum autem rem occaecati facilis aliquam. Aut consequatur autem illo qui a animi. Eveniet voluptas enim consectetur id.', '2021-05-20T13:28:01.963847Z'),
	('CD', 48, 14, 'Frank Zappa and the Mothers of Invention', 74, 'Latin', 'Heaney-Wuckert', 'Odio rem debitis laboriosam. Sed id ut quo esse voluptas. Aperiam dolores nisi reprehenderit et facere omnis. Assumenda officia quia ut natus laboriosam sed.', '2021-05-20T13:28:01.964181Z'),
	('CD', 49, 76, 'Little Feat', 37, 'Soul', 'Cormier, Hauck and Lynch', 'Sint perferendis est quia. Aut quisquam quia reiciendis ratione. Ipsum cupiditate delectus a. Et cumque modi et quia.', '2021-05-20T13:28:01.964505Z'),
	('CD', 50, 6, 'The Allman Brothers', 40, 'Blues', 'Schmeler-Vandervort', 'Tenetur voluptatem minima incidunt eum sapiente velit iste. Repellat cumque nesciunt eligendi dolor architecto eum. Iusto voluptas consequatur incidunt eaque unde eos. Pariatur molestias laborum repellat eligendi nisi et explicabo.', '2021-05-20T13:28:01.964920Z'),
	('CD', 51, 49, 'Iron Maiden', 19, 'Soul', 'Rosenbaum-Kshlerin', 'Et et et quidem est sint saepe. Mollitia et architecto perspiciatis consequuntur quisquam enim. Autem et possimus. Voluptatem et ut exercitationem. Ratione consequatur velit molestias in deserunt enim deserunt.', '2021-05-20T13:28:01.965277Z'),
	('CD', 52, 27, 'Guns N Roses', 78, 'Rock', 'Kessler-Torphy', 'Odit ducimus odit quos optio. Perferendis rem ullam et architecto accusamus. Sed asperiores ad et non. Assumenda hic ipsam ut unde quasi quos et. Distinctio quos veniam aliquid qui debitis nihil.', '2021-05-20T13:28:01.965670Z'),
	('CD', 53, 74, 'Steely Dan', 58, 'Rap', 'Graham, Christiansen and McCullough', 'Eius repellendus aspernatur deserunt rerum mollitia. Similique soluta ullam ea fugit. Sint officia possimus quis culpa repudiandae.', '2021-05-20T13:28:01.965975Z'),
	('CD', 54, 70, 'Stone Temple Pilots', 47, 'Folk', 'Rice, Ondricka and Wuckert', 'Laborum est reiciendis eius aut. Ea error eum alias maxime perferendis odit ab. Fuga illo consequatur. Rerum dolor beatae enim fugit non.', '2021-05-20T13:28:01.966297Z'),
	('CD', 55, 31, 'Judas Priest', 48, 'Soul', 'Russel, Lebsack and Block', 'Omnis deleniti eos. Quas molestiae deserunt reiciendis. Quo placeat voluptas dolores aut. Libero accusantium fugit vero quisquam voluptas. Velit veniam et dolor vel earum.', '2021-05-20T13:28:01.966635Z'),
	('CD', 56, 26, 'Judas Priest', 38, 'Reggae', 'Skiles-Johns', 'Maiores in quod qui molestiae animi dolores. Sunt quidem corrupti quo aut in odio ut. Inventore officia ex et excepturi tempora eaque. Voluptas inventore qui atque sit.', '2021-05-20T13:28:01.966941Z'),
	('CD', 57, 27, 'Orbital', 84, 'Rock', 'Morar, Monahan and Schmeler', 'Esse amet eos necessitatibus porro. Atque voluptatibus totam voluptatem in. Voluptas velit hic beatae assumenda. Voluptatem aut exercitationem soluta doloremque quia.', '2021-05-20T13:28:01.967247Z'),
	('CD', 58, 69, 'The Roots', 83, 'Hip Hop', 'Renner and Sons', 'Aut ipsa hic enim quas nulla. Nisi debitis quo quis sequi ut enim. Officia eveniet enim hic. Ducimus ad qui voluptas occaecati.', '2021-05-20T13:28:01.967526Z'),
	('CD', 59, 88, 'The Beatles', 71, 'Classical', 'Ondricka and Sons', 'Quia quasi ea molestiae illum expedita excepturi quo. Animi animi nihil corrupti pariatur facere quod officia. Aut et ad ut rerum eaque dolor error. Doloribus omnis illum ipsum voluptatum. Vero autem ipsa magni nobis consequuntur veniam.', '2021-05-20T13:28:01.967875Z'),
	('CD', 60, 33, 'Kansas', 69, 'Soul', 'Pouros, OKon and Schulist', 'Exercitationem saepe sit. Et maxime possimus pariatur. Vel neque cumque aut iusto iste neque. Consectetur corporis itaque quibusdam possimus. Ut repellat architecto minima est omnis ad.', '2021-05-20T13:28:01.968249Z'),
	('CD', 61, 72, 'The Scorpions', 79, 'Electronic', 'Fritsch-Lynch', 'Ut fugit et enim voluptatibus. Eum tempora velit et. Sed eius repellendus.', '2021-05-20T13:28:01.968511Z'),
	('CD', 62, 27, 'Derek and the Dominos', 10, 'Pop', 'Gorczany-Konopelski', 'Nihil commodi id et eum. Qui rerum et non et quibusdam cumque. Quisquam rerum quisquam autem.', '2021-05-20T13:28:01.968794Z'),
	('CD', 63, 25, 'Frank Zappa and the Mothers of Invention', 50, 'Electronic', 'Kris, Windler and Hammes', 'Aut optio et sapiente quos. Ea et et doloremque veniam consequatur laudantium est. Voluptatibus modi qui qui nihil tempore.', '2021-05-20T13:28:01.969124Z'),
	('CD', 64, 17, 'The Beastie Boys', 36, 'Soul', 'Towne-Larkin', 'Quia cumque consequatur officiis. Accusamus aut officia consequatur tempora omnis. Occaecati soluta occaecati et inventore nihil explicabo. Id explicabo perferendis eum sunt. Dolore et accusamus hic earum beatae debitis.', '2021-05-20T13:28:01.969495Z'),
	('CD', 65, 47, 'David Bowie and The Spiders From Mars', 26, 'Blues', 'Lueilwitz, Barrows and Schaefer', 'Aut accusantium ducimus nam quos. Dolorem dolores cum nihil mollitia. Consequatur officia impedit rerum sunt itaque ut odit. Odit unde mollitia voluptatem molestiae.', '2021-05-20T13:28:01.969846Z'),
	('CD', 66, 81, 'Iron Maiden', 57, 'Electronic', 'Pacocha LLC', 'Assumenda ducimus non sunt corrupti labore perferendis. Facere ut dolor omnis autem excepturi officia alias. Rem repellat veritatis. Quia perspiciatis est maiores.', '2021-05-20T13:28:01.970127Z'),
	('CD', 67, 40, 'The Beatles', 16, 'Hip Hop', 'Little-Cartwright', 'Natus repudiandae optio. Est recusandae corporis soluta quia beatae perspiciatis. Ut ad et.', '2021-05-20T13:28:01.970374Z'),
	('CD', 68, 29, 'The Rolling Stones', 58, 'Latin', 'Anderson-Rice', 'Nam voluptatem atque qui. Amet inventore est ratione ipsum dolorem ut. Rerum soluta enim reprehenderit consequatur. Sint perspiciatis dolores maxime nostrum veritatis vel.', '2021-05-20T13:28:01.970682Z'),
	('CD', 69, 43, 'Janis Joplin and Big Brother and the Holding Company', 67, 'Electronic', 'Beahan-Kreiger', 'Consectetur ad culpa qui quasi et adipisci delectus. Illum nesciunt sequi dolorem impedit. Repellat et eius aliquid. Dolorem neque repellat consequuntur ut est velit. Perferendis ullam deserunt qui libero accusantium sed consequuntur.', '2021-05-20T13:28:01.971027Z'),
	('CD', 70, 38, 'The Pretenders', 50, 'Stage And Screen', 'Goodwin-Wolf', 'Est pariatur voluptate dolorem et repellat. Illo vero aspernatur cupiditate perspiciatis. Est quia consequatur provident est est. Ad distinctio veritatis dolores ut id.', '2021-05-20T13:28:01.971333Z'),
	('CD', 71, 24, 'ZZ Top', 64, 'Pop', 'Miller, Harvey and Labadie', 'Aut magnam neque earum a. Laboriosam maxime nesciunt. Autem dolor praesentium reiciendis nihil. Quam iste occaecati et earum hic.', '2021-05-20T13:28:01.971619Z'),
	('CD', 72, 35, 'Jethro Tull', 18, 'Hip Hop', 'Mayert, Botsford and Ritchie', 'Praesentium molestias dignissimos amet est. Porro odio voluptas eligendi explicabo sed. Error quia quidem aut. Facere non officiis expedita. Quaerat ea ipsa sed nemo ea.', '2021-05-20T13:28:01.971955Z'),
	('CD', 73, 64, 'The Jackson Five', 39, 'Pop', 'Barrows LLC', 'Ea voluptas consectetur. Porro corporis dolor quibusdam temporibus dignissimos. Non corrupti molestiae beatae repudiandae dignissimos.', '2021-05-20T13:28:01.972184Z'),
	('CD', 74, 51, 'The Talking Heads', 8, 'Blues', 'Witting-Kuhic', 'Et et aliquam dolore magnam. Aliquid vel accusamus. Eum dolore excepturi culpa.', '2021-05-20T13:28:01.972433Z'),
	('CD', 75, 58, 'Pearl Jam', 68, 'Country', 'Smith, Ferry and Schneider', 'Nemo quis quidem sint distinctio aut. Sed et fugit officiis ducimus ipsa est neque. Est rerum hic voluptate quam.', '2021-05-20T13:28:01.972728Z'),
	('CD', 76, 63, 'Led Zeppelin', 49, 'Non Music', 'Waters Group', 'Et non deleniti dolores culpa beatae. Voluptatem commodi id. Ipsam voluptatibus eum. Tempora commodi cum voluptates. Deleniti reprehenderit aut.', '2021-05-20T13:28:01.972970Z'),
	('CD', 77, 32, 'Pink Floyd', 41, 'Folk', 'West-Schimmel', 'Totam ratione nemo numquam debitis reiciendis. Eum molestiae voluptatum incidunt temporibus deleniti. Voluptatem repudiandae modi hic. Iste inventore cumque.', '2021-05-20T13:28:01.973234Z'),
	('CD', 78, 64, 'Coldplay', 77, 'Blues', 'Feeney LLC', 'Ratione quis explicabo qui tempora dolorem dolor possimus. Esse praesentium dignissimos unde. Corporis quidem vel in saepe. Qui labore ea dolorum et non ut libero.', '2021-05-20T13:28:01.973495Z'),
	('CD', 79, 32, 'Queen', 40, 'Blues', 'Sipes, Gerhold and Rau', 'Saepe nobis ab facilis. Mollitia commodi et eos reiciendis doloremque facere cumque. Nihil voluptatem consectetur unde qui rerum nobis. Ullam illum maxime cumque.', '2021-05-20T13:28:01.973795Z'),
	('CD', 80, 44, 'Dixie Chicks', 22, 'World', 'Macejkovic, Brown and Hilll', 'Autem inventore minima aut. Nihil quia et porro. Est esse repellat. Eligendi non voluptatem explicabo occaecati ducimus est rerum.', '2021-05-20T13:28:01.974075Z'),
	('CD', 81, 3, 'Queen', 14, 'Folk', 'Parker-Fahey', 'Nesciunt necessitatibus voluptate. Voluptatem sed itaque. Maiores amet dolorem.', '2021-05-20T13:28:01.974353Z'),
	('CD', 82, 66, 'Traffic', 12, 'Hip Hop', 'King-Goodwin', 'Consequuntur doloremque alias et. Tenetur non dolorum. Dolores rerum similique. Exercitationem ex ipsum est repudiandae omnis.', '2021-05-20T13:28:01.974583Z'),
	('CD', 83, 88, 'Rush', 28, 'Hip Hop', 'Schaefer and Sons', 'Magni et laboriosam sed quia eos molestiae porro. Facilis nihil quia aut qui fugiat est. Excepturi totam aut quam eos veniam.', '2021-05-20T13:28:01.974851Z'),
	('CD', 84, 47, 'Sex Pistols', 45, 'Hip Hop', 'Wilderman-Abernathy', 'Enim eum vel unde nobis quasi. Praesentium nam ullam accusantium qui ut. Ea asperiores sit atque. Quaerat omnis ut tempore vero consectetur repudiandae accusamus.', '2021-05-20T13:28:01.975727Z'),
	('CD', 85, 58, 'Lynyrd Skynyrd', 35, 'Classical', 'Grimes, Gusikowski and Emmerich', 'Commodi ut quae est. Sit debitis ab dolorem rerum voluptatem occaecati ut. Nesciunt quam nobis natus qui rerum facilis. Accusamus ipsam quis consectetur asperiores maxime quis ut.', '2021-05-20T13:28:01.976205Z'),
	('CD', 86, 16, 'Buffalo Springfield', 34, 'World', 'Thompson, Yundt and Howell', 'Et similique sit exercitationem et aut. Quibusdam dignissimos quidem molestias expedita fuga voluptas. Architecto ut architecto. Qui voluptatem sed. Accusamus sit nihil assumenda.', '2021-05-20T13:28:01.976541Z'),
	('CD', 87, 20, 'Motley Crue', 85, 'World', 'Reilly Inc', 'Qui molestias ea. Eos eum dolorum omnis alias nulla. Impedit reprehenderit natus. Blanditiis deleniti et. Blanditiis voluptas quia commodi et voluptas odit qui.', '2021-05-20T13:28:01.976808Z'),
	('CD', 88, 28, 'The Roots', 34, 'Jazz', 'Gislason, Howell and Langworth', 'Accusamus quo ipsam sit unde et adipisci commodi. Deserunt maxime quis magnam. Magnam officiis neque aut consectetur cupiditate repudiandae. Hic voluptate temporibus libero perspiciatis.', '2021-05-20T13:28:01.977124Z'),
	('CD', 89, 25, 'Frank Zappa and the Mothers of Invention', 59, 'Stage And Screen', 'Emmerich Group', 'Aut odit at ut voluptas. Repellat soluta totam quos eius ducimus. Nostrum est possimus inventore hic. Delectus adipisci suscipit alias consequatur eos et. Praesentium molestiae est consectetur aut.', '2021-05-20T13:28:01.977435Z'),
	('CD', 90, 12, 'The Jimi Hendrix Experience', 29, 'Reggae', 'Russel, Okuneva and Keeling', 'Voluptatem quae distinctio id numquam dolorum facilis ipsam. Aliquam ut expedita facilis deserunt natus ipsa molestias. Enim voluptas nemo nulla aut.', '2021-05-20T13:28:01.977756Z'),
	('CD', 91, 67, 'Blind Faith', 43, 'Hip Hop', 'Bruen and Sons', 'Nostrum laudantium maxime eveniet et. Aliquam veniam iste eius non sit non alias. Magni perferendis eos voluptates doloremque commodi saepe dolores.', '2021-05-20T13:28:01.978018Z'),
	('CD', 92, 56, 'The Clash', 21, 'Blues', 'Gerhold and Sons', 'Aut est quasi rerum hic incidunt. Et doloremque sit et ipsam aut ut aspernatur. Vel neque dignissimos explicabo molestiae et dolorem. Voluptatem est et. Fugiat qui nisi laudantium debitis non.', '2021-05-20T13:28:01.978330Z'),
	('CD', 93, 54, 'Motorhead', 88, 'Latin', 'Cole-Torphy', 'Excepturi impedit velit. Quaerat suscipit veritatis recusandae assumenda. Adipisci pariatur expedita delectus explicabo ut doloremque. Eligendi et atque praesentium. Eaque ipsam velit sed a aut.', '2021-05-20T13:28:01.978639Z'),
	('CD', 94, 63, 'Radiohead', 81, 'Soul', 'Wiegand, Turcotte and Larson', 'Repudiandae nostrum vel ipsum sint quia quaerat. Est non deleniti. Eaque aspernatur ut illum eaque dolor. Odit mollitia expedita ut.', '2021-05-20T13:28:01.978957Z'),
	('CD', 95, 28, 'James Brown and the JBs', 91, 'World', 'Cartwright-Mohr', 'Laboriosam et quo et illo. Quam et expedita dignissimos consequatur deleniti cumque voluptatem. Eum consequatur laborum magnam. Nisi nesciunt soluta quo optio adipisci. Nihil temporibus et est soluta assumenda dignissimos quae.', '2021-05-20T13:28:01.979293Z'),
	('CD', 96, 16, 'Radiohead', 25, 'Latin', 'Pouros and Sons', 'Exercitationem ullam autem occaecati omnis error iste. Nemo vitae et. Facilis repellendus et.', '2021-05-20T13:28:01.979518Z'),
	('CD', 97, 80, 'The Velvet Underground', 20, 'Pop', 'Prosacco-Koelpin', 'Sit id quo. Quos recusandae necessitatibus eum. Voluptatem nisi qui eaque praesentium vitae laboriosam sunt.', '2021-05-20T13:28:01.979774Z'),
	('CD', 98, 86, 'Blondie', 39, 'Jazz', 'Abernathy and Sons', 'Ad sit exercitationem omnis nobis et. Quidem doloribus incidunt recusandae voluptatem asperiores dolore ab. Id tempore labore.', '2021-05-20T13:28:01.979999Z'),
	('CD', 99, 49, 'Bon Jovi', 38, 'Rap', 'Wunsch-Baumbach', 'Quasi excepturi corrupti ab cupiditate at labore ipsum. Et ut voluptatem voluptate reprehenderit ad voluptatem consequuntur. Sit veritatis dicta. Modi voluptatibus perferendis eveniet iure quaerat consequatur. Quo a sapiente illo dolorem rem.', '2021-05-20T13:28:01.980371Z'),
	('CD', 100, 79, 'The Beach Boys', 55, 'Jazz', 'Dickens and Sons', 'Necessitatibus et rerum et dolorum officiis voluptatem mollitia. Doloribus qui eos officia laborum id et. Quia dolores consequatur quis.', '2021-05-20T13:28:01.980625Z');

-- TRACKS
INSERT INTO t_tracks (id, cd_fk, title, duration, created_date) VALUES
	(1, 3, 'Colette A. Day', 293, '2021-05-20T13:28:01.984456Z'),
	(2, 52, 'Ali Gaither', 427, '2021-05-20T13:28:01.984567Z'),
	(3, 39, 'Lily Pond', 948, '2021-05-20T13:28:01.984627Z'),
	(4, 15, 'Brandon Cattell', 522, '2021-05-20T13:28:01.984688Z'),
	(5, 19, 'Pearl E. Gates', 377, '2021-05-20T13:28:01.984769Z'),
	(6, 42, 'Helen Highwater', 797, '2021-05-20T13:28:01.984830Z'),
	(7, 59, 'Luke Warm', 776, '2021-05-20T13:28:01.984919Z'),
	(8, 80, 'Pepe Roni', 676, '2021-05-20T13:28:01.984983Z'),
	(9, 30, 'Milton Yermouth', 446, '2021-05-20T13:28:01.985043Z'),
	(10, 13, 'Mary Gold', 43, '2021-05-20T13:28:01.985104Z'),
	(11, 36, 'Andy Gravity', 901, '2021-05-20T13:28:01.985165Z'),
	(12, 43, 'Father A. Long', 297, '2021-05-20T13:28:01.985222Z'),
	(13, 55, 'Bill Ng', 471, '2021-05-20T13:28:01.985281Z'),
	(14, 4, 'Ben D. Fender', 442, '2021-05-20T13:28:01.985341Z'),
	(15, 47, 'Father A. Long', 18, '2021-05-20T13:28:01.985401Z'),
	(16, 47, 'Dan Deline', 917, '2021-05-20T13:28:01.985479Z'),
	(17, 13, 'Sue Jeu', 537, '2021-05-20T13:28:01.985538Z'),
	(18, 67, 'Rhoda Booke', 44, '2021-05-20T13:28:01.985597Z'),
	(19, 69, 'Robin DeCraydle', 801, '2021-05-20T13:28:01.985651Z'),
	(20, 10, 'Woody U. No', 431, '2021-05-20T13:28:01.985708Z'),
	(21, 11, 'Justin Casey Howells', 784, '2021-05-20T13:28:01.985777Z'),
	(22, 87, 'Joanna Hand', 316, '2021-05-20T13:28:01.985835Z'),
	(23, 15, 'Ilene South', 150, '2021-05-20T13:28:01.985898Z'),
	(24, 88, 'Leo Tarred', 477, '2021-05-20T13:28:01.985956Z'),
	(25, 29, 'Telly Vision', 662, '2021-05-20T13:28:01.986024Z'),
	(26, 85, 'Carrie A. Tune', 234, '2021-05-20T13:28:01.986081Z'),
	(27, 67, 'Kristie Hannity', 628, '2021-05-20T13:28:01.986141Z'),
	(28, 70, 'Tad Pohl', 349, '2021-05-20T13:28:01.986236Z'),
	(29, 40, 'Seymour Legg', 334, '2021-05-20T13:28:01.986293Z'),
	(30, 14, 'Sue Permann', 88, '2021-05-20T13:28:01.986346Z'),
	(31, 53, 'Cal Seeium', 199, '2021-05-20T13:28:01.986394Z'),
	(32, 4, 'Artie Choke', 927, '2021-05-20T13:28:01.986453Z'),
	(33, 55, 'Frank N. Sense', 739, '2021-05-20T13:28:01.986501Z'),
	(34, 82, 'Skip Roper', 639, '2021-05-20T13:28:01.986547Z'),
	(35, 58, 'Izzy Backyet', 673, '2021-05-20T13:28:01.986594Z'),
	(36, 69, 'Sheri Cola', 858, '2021-05-20T13:28:01.986639Z'),
	(37, 3, 'Art Sellers', 712, '2021-05-20T13:28:01.986686Z'),
	(38, 33, 'Ted E. Baer', 974, '2021-05-20T13:28:01.986738Z'),
	(39, 73, 'Sheri Cola', 525, '2021-05-20T13:28:01.986782Z'),
	(40, 24, 'Father A. Long', 874, '2021-05-20T13:28:01.986829Z'),
	(41, 79, 'Kenney C. Strait', 414, '2021-05-20T13:28:01.986877Z'),
	(42, 78, 'Harry Legg', 770, '2021-05-20T13:28:01.986924Z'),
	(43, 65, 'Colin Allcars', 192, '2021-05-20T13:28:01.986972Z'),
	(44, 8, 'Dusty Carr', 257, '2021-05-20T13:28:01.987018Z'),
	(45, 71, 'Rose Bush', 48, '2021-05-20T13:28:01.987062Z'),
	(46, 25, 'Quint S. Henschel', 234, '2021-05-20T13:28:01.987110Z'),
	(47, 23, 'Robin Banks', 241, '2021-05-20T13:28:01.987218Z'),
	(48, 52, 'Sal Ami', 420, '2021-05-20T13:28:01.987266Z'),
	(49, 30, 'Al B. Zienya', 583, '2021-05-20T13:28:01.987312Z'),
	(50, 75, 'Justin Sane', 230, '2021-05-20T13:28:01.987357Z'),
	(51, 11, 'Moe DeLawn', 519, '2021-05-20T13:28:01.987403Z'),
	(52, 4, 'Duane DeVane', 814, '2021-05-20T13:28:01.987466Z'),
	(53, 27, 'Faye Tallity', 386, '2021-05-20T13:28:01.987527Z'),
	(54, 41, 'Missy Sippy', 645, '2021-05-20T13:28:01.987573Z'),
	(55, 82, 'Royal Payne', 46, '2021-05-20T13:28:01.987615Z'),
	(56, 86, 'Ulee Daway', 381, '2021-05-20T13:28:01.987659Z'),
	(57, 33, 'Tish Hughes', 164, '2021-05-20T13:28:01.987706Z'),
	(58, 69, 'Ricky T. Ladder', 358, '2021-05-20T13:28:01.987750Z'),
	(59, 26, 'Kerry Oki', 589, '2021-05-20T13:28:01.987800Z'),
	(60, 5, 'Telly Vision', 370, '2021-05-20T13:28:01.987846Z'),
	(61, 19, 'Tom Katz', 8, '2021-05-20T13:28:01.987891Z'),
	(62, 74, 'Tom A. Toe', 733, '2021-05-20T13:28:01.987946Z'),
	(63, 89, 'I. M. Boring', 492, '2021-05-20T13:28:01.987991Z'),
	(64, 24, 'Colleen Cardd', 708, '2021-05-20T13:28:01.988038Z'),
	(65, 53, 'Candy Kane', 659, '2021-05-20T13:28:01.988081Z'),
	(66, 15, 'Sue Jeu', 645, '2021-05-20T13:28:01.988127Z'),
	(67, 90, 'Al Fresco', 520, '2021-05-20T13:28:01.988167Z'),
	(68, 35, 'Tom Katz', 929, '2021-05-20T13:28:01.988210Z'),
	(69, 59, 'Sal Ami', 687, '2021-05-20T13:28:01.988252Z'),
	(70, 88, 'Lucy Fer', 733, '2021-05-20T13:28:01.988296Z'),
	(71, 74, 'Chris Mass', 809, '2021-05-20T13:28:01.988359Z'),
	(72, 15, 'Joanna Hand', 730, '2021-05-20T13:28:01.988408Z'),
	(73, 51, 'Howie Doohan', 96, '2021-05-20T13:28:01.988454Z'),
	(74, 55, 'Ken Oppenner', 254, '2021-05-20T13:28:01.988496Z'),
	(75, 33, 'Lisa Honda', 861, '2021-05-20T13:28:01.988537Z'),
	(76, 32, 'Mike Stand', 220, '2021-05-20T13:28:01.988579Z'),
	(77, 13, 'Tom Katt', 698, '2021-05-20T13:28:01.988621Z'),
	(78, 55, 'Tad Pohl', 803, '2021-05-20T13:28:01.988660Z'),
	(79, 73, 'Mason Jarr', 38, '2021-05-20T13:28:01.988698Z'),
	(80, 62, 'Anne Ville', 980, '2021-05-20T13:28:01.988735Z'),
	(81, 82, 'Chanda Lear', 647, '2021-05-20T13:28:01.988774Z'),
	(82, 28, 'Bob Katz', 569, '2021-05-20T13:28:01.988812Z'),
	(83, 12, 'Max Power', 625, '2021-05-20T13:28:01.988854Z'),
	(84, 7, 'Seymour Legg', 133, '2021-05-20T13:28:01.988893Z'),
	(85, 17, 'Robin Money', 442, '2021-05-20T13:28:01.988936Z'),
	(86, 39, 'Ima Lytle Teapot', 919, '2021-05-20T13:28:01.988978Z'),
	(87, 29, 'Gus Tofwin', 92, '2021-05-20T13:28:01.989022Z'),
	(88, 28, 'Robin Meeblind', 524, '2021-05-20T13:28:01.989064Z'),
	(89, 81, 'Marco DeStinkshun', 179, '2021-05-20T13:28:01.989106Z'),
	(90, 62, 'Phil Rupp', 717, '2021-05-20T13:28:01.989146Z'),
	(91, 88, 'Crystal Ball', 421, '2021-05-20T13:28:01.989188Z'),
	(92, 55, 'Theresa Brown', 754, '2021-05-20T13:28:01.989248Z'),
	(93, 13, 'Diane Toluvia', 137, '2021-05-20T13:28:01.989289Z'),
	(94, 16, 'Milly Graham', 42, '2021-05-20T13:28:01.989351Z'),
	(95, 5, 'Ilene South', 862, '2021-05-20T13:28:01.989389Z'),
	(96, 38, 'Ben ODrill', 903, '2021-05-20T13:28:01.989428Z'),
	(97, 17, 'Daisy Picking', 937, '2021-05-20T13:28:01.989463Z'),
	(98, 54, 'Morey Bund', 30, '2021-05-20T13:28:01.989501Z'),
	(99, 7, 'Cal Culator', 807, '2021-05-20T13:28:01.989538Z'),
	(100, 17, 'Ali Gaither', 316, '2021-05-20T13:28:01.989575Z');

-- BOOKS
INSERT INTO t_items (dtype, id, artist_fk, publisher_fk, title, isbn, price, language, nb_of_pages, publication_date, description, created_date) VALUES
	('Book', 101, 26, 69, 'A Farewell to Arms', '9780836042573', 16, 'FRENCH', 456, '2019-11-18', 'Doloremque iure nostrum eligendi est. Asperiores ducimus aut nam. Fugiat eos assumenda molestiae. Sit et voluptatem molestiae. Facere rem impedit.', '2021-05-20T13:28:02.013958Z'),
	('Book', 102, 51, 83, 'Stranger in a Strange Land', '9781910853719', 50, 'INDIAN', 792, '1995-10-16', 'Rerum doloribus vero nobis aut velit modi. Ipsum quae pariatur amet accusamus aut. Dolor laboriosam consequatur.', '2021-05-20T13:28:02.014913Z'),
	('Book', 103, 29, 43, 'Time To Murder And Create', '9790048523869', 5, 'INDIAN', 175, '2010-08-03', 'Consequatur excepturi alias fugit voluptate illum. Veniam distinctio facere qui a voluptates distinctio. Natus enim aperiam quod.', '2021-05-20T13:28:02.015725Z'),
	('Book', 104, 39, 81, 'Bloods a Rover', '9791850359899', 67, 'SPANISH', 684, '2005-04-04', 'Error voluptas expedita cum id. Est officia natus. Reprehenderit a aut ut numquam. Voluptas rerum quidem quod inventore. Facilis aut sed quasi et voluptates eaque.', '2021-05-20T13:28:02.016456Z'),
	('Book', 105, 41, 47, 'The Parliament of Man', '9791898995707', 39, 'GERMAN', 596, '2001-08-01', 'Quia neque quia optio sed. Ut qui est provident quam quaerat maxime maiores. Tempore iusto ab similique recusandae explicabo expedita eum. Ut ab voluptatibus corrupti. Distinctio itaque necessitatibus ut.', '2021-05-20T13:28:02.017235Z'),
	('Book', 106, 83, 39, 'Everything is Illuminated', '9791903877622', 9, 'RUSSIAN', 157, '2011-11-11', 'Maiores vel corporis eum nihil atque. Aut sit aliquid illum. Harum ab dolorem. Magni omnis rerum ipsam velit ullam distinctio provident.', '2021-05-20T13:28:02.018247Z'),
	('Book', 107, 24, 83, 'Noli Me Tangere', '9781951918392', 30, 'PORTUGUESE', 578, '2014-07-19', 'Porro voluptas ut. Veniam sit vitae. Totam est in dicta pariatur eum doloremque.', '2021-05-20T13:28:02.018954Z'),
	('Book', 108, 19, 78, 'Nectar in a Sieve', '9791730717641', 30, 'ENGLISH', 45, '2006-09-17', 'Itaque est officiis repudiandae nihil molestiae blanditiis odio. Minima similique ullam. Dolorem consequuntur atque et quos quasi nemo. Recusandae minus magni optio voluptate.', '2021-05-20T13:28:02.019711Z'),
	('Book', 109, 59, 72, 'A Monstrous Regiment of Women', '9781917586245', 2, 'GERMAN', 663, '2014-01-14', 'Animi minima aut quis quo. Inventore aut earum nostrum aut iure ut. Aut occaecati minus. Voluptatem voluptate est. Porro amet nemo non autem.', '2021-05-20T13:28:02.020422Z'),
	('Book', 110, 16, 50, 'Consider the Lilies', '9790930758744', 18, 'INDIAN', 669, '2008-05-05', 'Sit et ut sapiente vel. Ipsum ipsam laborum tempora omnis. Odio voluptatem eum ratione.', '2021-05-20T13:28:02.021072Z'),
	('Book', 111, 91, 65, 'The Little Foxes', '9791240323486', 74, 'FRENCH', 692, '2019-03-09', 'At aspernatur enim qui voluptatem unde. Tempore corporis id doloremque tempore. Laudantium et explicabo officiis eveniet.', '2021-05-20T13:28:02.021736Z'),
	('Book', 112, 44, 17, 'The Stars Tennis Balls', '9780867636239', 33, 'PORTUGUESE', 403, '2020-10-30', 'Sit autem nemo quo officia enim occaecati. Nobis similique alias adipisci soluta repudiandae ut. Sit iste natus in natus quia. Quia quaerat ad officiis consequatur maxime impedit harum. Sed saepe magnam ut quia.', '2021-05-20T13:28:02.022435Z'),
	('Book', 113, 18, 37, 'The Soldiers Art', '9781933843339', 28, 'JAPANESE', 501, '2014-02-07', 'Rerum ab aut. Adipisci et quia voluptas et ut. Veniam voluptatem qui blanditiis sint. Corporis officiis aliquid explicabo rerum vitae sed iure. Nam et sunt sed.', '2021-05-20T13:28:02.023089Z'),
	('Book', 114, 13, 4, 'The Monkeys Raincoat', '9780599975378', 71, 'SPANISH', 347, '2016-11-04', 'Quisquam voluptatem dolorem a in quis praesentium distinctio. Laudantium excepturi asperiores sint et reprehenderit autem nam. A ut cumque voluptates odio dolores et. Et iure ipsa tempore porro.', '2021-05-20T13:28:02.023736Z'),
	('Book', 115, 74, 2, 'Eyeless in Gaza', '9780943911304', 82, 'GERMAN', 653, '2002-07-02', 'Fugit ullam consequatur asperiores quisquam voluptas. Omnis sint voluptatem esse et. Illum omnis voluptatem atque et dicta ut. Vel repellat error delectus est.', '2021-05-20T13:28:02.024345Z'),
	('Book', 116, 9, 11, 'The Winds Twelve Quarters', '9790002312270', 72, 'ENGLISH', 53, '2020-11-17', 'Non eaque rerum non ex officia pariatur. Distinctio quidem deleniti voluptate non repellat. Enim quasi temporibus cum sed est similique labore. Aspernatur nostrum minus odit aut qui officiis. Perferendis nisi expedita magnam molestiae esse velit.', '2021-05-20T13:28:02.025598Z'),
	('Book', 117, 19, 34, 'Waiting for the Barbarians', '9790873121162', 71, 'CHINESE', 505, '2002-01-31', 'Praesentium occaecati ipsa non. Sunt molestiae ducimus ab deleniti. Assumenda est aliquam laborum facilis. Aut repellat illum modi aut.', '2021-05-20T13:28:02.026199Z'),
	('Book', 118, 66, 7, 'Look to Windward', '9790465778026', 21, 'FRENCH', 389, '2015-02-06', 'Commodi quasi inventore. Labore sint necessitatibus. Voluptas voluptas sint.', '2021-05-20T13:28:02.026951Z'),
	('Book', 119, 81, 8, 'Bloods a Rover', '9780891141068', 17, 'SPANISH', 220, '2014-12-08', 'Et et sint veniam omnis. Doloremque aut enim. Impedit tempora et vero possimus voluptatibus ad quia.', '2021-05-20T13:28:02.027523Z'),
	('Book', 120, 75, 66, 'Antic Hay', '9790306445780', 50, 'GERMAN', 331, '1994-05-20', 'Impedit asperiores sed cum pariatur. Ad recusandae in quos. Ad quae sunt praesentium ut. Corporis fugiat architecto omnis aut officia. Corrupti itaque iusto.', '2021-05-20T13:28:02.033503Z'),
	('Book', 121, 83, 76, 'Ring of Bright Water', '9781869601072', 67, 'SPANISH', 299, '2005-12-19', 'Aut est qui sequi similique officia sed incidunt. Accusantium id et voluptas aut. Et sed vel sit iste. Iusto pariatur consequatur. Quod ut ut et ad ut quae.', '2021-05-20T13:28:02.035032Z'),
	('Book', 122, 58, 67, 'The Golden Apples of the Sun', '9780909571429', 25, 'CHINESE', 38, '2017-05-31', 'Saepe modi cumque et laudantium debitis. Deleniti voluptatem facilis unde cupiditate. Eveniet iure modi.', '2021-05-20T13:28:02.035594Z'),
	('Book', 123, 39, 18, 'Vile Bodies', '9791907440983', 62, 'GERMAN', 624, '2003-05-20', 'Dicta nulla esse recusandae magnam et rerum laboriosam. Ab esse nobis voluptatem modi molestiae. Harum quo libero ut dolorem inventore quis in. Eum sequi a. Eaque nesciunt non vitae.', '2021-05-20T13:28:02.036174Z'),
	('Book', 124, 3, 16, 'When the Green Woods Laugh', '9790871688940', 48, 'INDIAN', 527, '2014-12-07', 'Voluptates explicabo officia architecto harum eum. Quis nobis dolore ut vel facilis. Eligendi occaecati reprehenderit quaerat ea totam est. Possimus minima incidunt ut dolore quis qui. Et doloremque itaque.', '2021-05-20T13:28:02.036720Z'),
	('Book', 125, 32, 80, 'If I Forget Thee Jerusalem', '9791020488978', 38, 'JAPANESE', 360, '2009-08-04', 'Occaecati et soluta sequi cupiditate. Est at maxime. Fugit deleniti sed. Quae ducimus natus aut.', '2021-05-20T13:28:02.037246Z'),
	('Book', 126, 42, 37, 'A Catskill Eagle', '9791938923264', 32, 'JAPANESE', 392, '2020-11-10', 'Reiciendis qui provident expedita excepturi odio alias voluptate. Qui autem voluptas et corporis. Aut odio aut.', '2021-05-20T13:28:02.037773Z'),
	('Book', 127, 70, 62, 'Sleep the Brave', '9790947218323', 3, 'INDIAN', 73, '2018-02-19', 'Repellendus sit placeat. Labore voluptate voluptatem dolorum in repudiandae. Ipsum explicabo quae incidunt placeat aut.', '2021-05-20T13:28:02.038323Z'),
	('Book', 128, 40, 16, 'Alone on a Wide, Wide Sea', '9781887686761', 55, 'GERMAN', 300, '2018-02-01', 'Et amet cumque earum maxime. Quibusdam ea nihil et quasi at. Voluptatibus sed accusantium cumque. Eos sit rerum animi est et. Mollitia veritatis autem.', '2021-05-20T13:28:02.038931Z'),
	('Book', 129, 35, 47, 'Dying of the Light', '9781838340841', 87, 'SPANISH', 707, '2010-12-05', 'Necessitatibus provident dolores et. Non distinctio aut reprehenderit aspernatur recusandae reiciendis voluptatum. Et ut sed voluptatibus voluptatibus labore rerum.', '2021-05-20T13:28:02.039492Z'),
	('Book', 130, 43, 14, 'The Glory and the Dream', '9790910358827', 57, 'RUSSIAN', 295, '2011-01-11', 'Et voluptate numquam dolorem molestiae voluptatem magni. Dolor autem quia molestiae sed ea cumque. Vel distinctio quas nulla saepe molestiae quo. Porro et rerum id unde officiis consequatur. Et perferendis optio ab consequatur vero.', '2021-05-20T13:28:02.040128Z'),
	('Book', 131, 22, 21, 'A Catskill Eagle', '9780951074381', 21, 'SPANISH', 447, '2019-12-04', 'Quia quos sint numquam et. Fugiat quod ut reprehenderit quis esse corporis. Autem ratione aliquid sapiente omnis itaque id ipsa. Inventore blanditiis est excepturi reprehenderit.', '2021-05-20T13:28:02.040699Z'),
	('Book', 132, 19, 23, 'Time of our Darkness', '9780587648000', 86, 'FRENCH', 200, '2014-09-01', 'Tempore quam maxime odio enim sed est. Voluptatum omnis saepe quae voluptate. Sed nisi pariatur commodi aut consectetur. Voluptatibus repellat mollitia in et molestias.', '2021-05-20T13:28:02.041308Z'),
	('Book', 133, 65, 19, 'Fear and Trembling', '9791002308881', 20, 'ENGLISH', 66, '2010-07-30', 'Ipsam sit nostrum. Doloremque culpa dignissimos. Ut et voluptas quod praesentium.', '2021-05-20T13:28:02.041812Z'),
	('Book', 134, 61, 36, 'Some Buried Caesar', '9781851128297', 43, 'RUSSIAN', 429, '2005-05-08', 'Ipsum aut consequatur nemo magni voluptatem exercitationem in. Assumenda magnam totam nostrum est ea. Consectetur temporibus est deleniti error ut. Veniam dolorem accusantium molestias. Id tenetur voluptatem doloremque.', '2021-05-20T13:28:02.042339Z'),
	('Book', 135, 72, 70, 'In Death Ground', '9790804336719', 78, 'INDIAN', 421, '2009-06-01', 'Quis soluta tenetur. Et iste in animi. Ea ut eligendi. Fuga sint a beatae animi. Quidem mollitia deleniti deleniti iusto vitae.', '2021-05-20T13:28:02.042789Z'),
	('Book', 136, 86, 60, 'A Catskill Eagle', '9791654521638', 27, 'INDIAN', 199, '1994-05-07', 'Libero architecto soluta ipsam. Voluptatem nulla voluptate reprehenderit soluta ut. Est quisquam eaque qui.', '2021-05-20T13:28:02.043223Z'),
	('Book', 137, 55, 46, 'Butter In a Lordly Dish', '9780012974193', 8, 'FRENCH', 465, '2014-12-22', 'Qui culpa quod explicabo voluptas. Voluptatem consequatur et aut eveniet. Enim reprehenderit ducimus cupiditate debitis.', '2021-05-20T13:28:02.043680Z'),
	('Book', 138, 37, 59, 'A Time to Kill', '9791915444683', 31, 'ENGLISH', 710, '2019-05-21', 'Non quae assumenda est assumenda amet a. Vero voluptas dolore. Hic incidunt beatae excepturi rerum.', '2021-05-20T13:28:02.044147Z'),
	('Book', 139, 12, 18, 'A Summer Bird-Cage', '9780723157557', 44, 'SPANISH', 274, '2002-08-17', 'Beatae labore velit vel ut iure odio. Tempora nesciunt eos unde consequatur eaque. Eligendi doloremque non velit. Cumque sint fugiat exercitationem itaque quam fuga. Dolor sapiente necessitatibus.', '2021-05-20T13:28:02.044636Z'),
	('Book', 140, 31, 64, 'The Needles Eye', '9790224158175', 20, 'FRENCH', 672, '2017-10-12', 'Ea sit velit odit et corporis quis. Architecto laboriosam voluptates nisi. Porro velit reiciendis. Quibusdam tempora ut consequatur itaque nesciunt est. Beatae perspiciatis exercitationem perspiciatis ea et.', '2021-05-20T13:28:02.045121Z'),
	('Book', 141, 25, 75, 'Little Hands Clapping', '9791935430017', 84, 'SPANISH', 26, '2012-10-05', 'Deserunt ut ut. At est delectus quia adipisci. Minus vitae ut. Aliquam aliquam qui quos. Mollitia id molestiae.', '2021-05-20T13:28:02.045559Z'),
	('Book', 142, 82, 60, 'Let Us Now Praise Famous Men', '9791488027382', 85, 'GERMAN', 439, '1995-11-11', 'Inventore quis sunt. Iusto nulla dolorum earum temporibus. Quia fugiat eveniet. Aperiam exercitationem voluptatem optio itaque dolor ipsum.', '2021-05-20T13:28:02.045983Z'),
	('Book', 143, 73, 66, 'That Good Night', '9791945190673', 63, 'INDIAN', 33, '2001-06-29', 'Quae voluptates et. Doloremque unde sed hic. Aliquid dolor nemo qui hic. Maiores illo recusandae. Voluptates voluptatem ut dicta velit.', '2021-05-20T13:28:02.046427Z'),
	('Book', 144, 20, 66, 'Those Barren Leaves, Thrones, Dominations', '9790920205821', 8, 'INDIAN', 73, '2019-10-10', 'Voluptate minus rerum laudantium. Dolore sapiente ut voluptatibus. Illum nam adipisci ut.', '2021-05-20T13:28:02.046802Z'),
	('Book', 145, 6, 3, 'A Scanner Darkly', '9780909495428', 22, 'GERMAN', 402, '1999-09-07', 'Omnis excepturi qui eveniet rerum reiciendis pariatur officiis. Veniam aut ea explicabo perferendis commodi. Molestias sint quia velit eum nobis ea. Incidunt ut ratione aut quod dolor et quae. Itaque qui aliquid sit quos voluptate nihil possimus.', '2021-05-20T13:28:02.047314Z'),
	('Book', 146, 62, 84, 'The House of Mirth', '9791910519669', 17, 'INDIAN', 380, '2012-05-14', 'Minus optio et assumenda soluta nostrum. Cum quis quis quis sit non. Doloribus dolores impedit commodi non maiores asperiores. Consectetur ad sunt. Aut dolorem sit officiis vero et.', '2021-05-20T13:28:02.047793Z'),
	('Book', 147, 11, 36, 'The Waste Land', '9780098785454', 60, 'CHINESE', 150, '2003-02-01', 'Quas sed et sit laboriosam et provident. Fugiat voluptatem omnis porro ipsa repellendus sint molestiae. Ea dolor quam enim velit nobis.', '2021-05-20T13:28:02.048308Z'),
	('Book', 148, 28, 88, 'The Torment of Others', '9780951495803', 58, 'SPANISH', 476, '2005-05-19', 'Et ex dolorum ducimus veniam molestiae. Nesciunt voluptas dolor eum id sed consequuntur. Possimus excepturi sunt voluptatem aut adipisci. Laboriosam aut sunt quaerat consequatur et. Tempore corrupti doloribus.', '2021-05-20T13:28:02.048769Z'),
	('Book', 149, 48, 17, 'O Pioneers!', '9790939585372', 26, 'INDIAN', 37, '1996-01-21', 'Dolorem quod alias non reprehenderit itaque. Quae quia explicabo. Tenetur et aut iure reiciendis totam excepturi consequatur.', '2021-05-20T13:28:02.049215Z'),
	('Book', 150, 43, 27, 'The Wives of Bath', '9791017786445', 72, 'GERMAN', 444, '1999-04-17', 'Accusamus dolore recusandae eligendi. Est ipsam dolorem. Nulla odio totam nulla nam perspiciatis non eum.', '2021-05-20T13:28:02.049635Z'),
	('Book', 151, 62, 70, 'The Green Bay Tree', '9780869011706', 72, 'SPANISH', 536, '2014-02-24', 'Voluptatibus occaecati eius amet alias. Ex illo eaque maiores. Doloribus deleniti fugiat iure.', '2021-05-20T13:28:02.050069Z'),
	('Book', 152, 39, 77, 'All the Kings Men', '9781958628676', 25, 'PORTUGUESE', 652, '2005-04-28', 'Possimus magni aut nulla. Corporis non enim dolor officia voluptas quos omnis. Molestiae qui sit est excepturi nulla consectetur. Veniam ut enim id sint. Quasi sit quis iste temporibus consequatur consectetur ad.', '2021-05-20T13:28:02.050575Z'),
	('Book', 153, 3, 72, 'Arms and the Man', '9790738816318', 75, 'ENGLISH', 471, '1996-03-26', 'In harum a. Rerum dolores placeat saepe nesciunt sint quo. Atque non occaecati.', '2021-05-20T13:28:02.051084Z'),
	('Book', 154, 55, 66, 'Endless Night', '9781380783622', 11, 'PORTUGUESE', 571, '2008-09-26', 'Soluta saepe autem eveniet voluptatem. Et et omnis placeat vel et aut. Ipsa ex nemo.', '2021-05-20T13:28:02.051494Z'),
	('Book', 155, 74, 58, 'Of Human Bondage', '9781966273370', 84, 'FRENCH', 344, '2019-10-25', 'Eveniet ut pariatur animi magni. Corrupti hic qui velit soluta eos sint. Ut illum rerum. Voluptatem nulla sit.', '2021-05-20T13:28:02.051938Z'),
	('Book', 156, 65, 24, 'Blithe Spirit', '9780841502529', 49, 'PORTUGUESE', 529, '2019-12-31', 'Minus at a est. Eos fugiat cum aut architecto. Molestiae incidunt omnis recusandae. Nemo quia unde. Ut iure voluptatem.', '2021-05-20T13:28:02.052394Z'),
	('Book', 157, 30, 23, 'The Millstone', '9790935907086', 56, 'INDIAN', 377, '2015-08-29', 'Reiciendis sint repellat voluptas rerum quaerat maiores. Quos facilis nesciunt tempore magnam maiores error omnis. Nihil quisquam iusto quas autem quisquam voluptate aperiam. Ullam cum rem ipsa dolore recusandae temporibus. Maxime ut qui.', '2021-05-20T13:28:02.052910Z'),
	('Book', 158, 54, 32, 'Sleep the Brave', '9791569355120', 88, 'GERMAN', 487, '2008-06-01', 'Nam dolorem dolorum ullam ut. Tempora aliquam similique nihil molestiae magni. Fugiat tempore officiis sapiente laudantium accusantium error.', '2021-05-20T13:28:02.053371Z'),
	('Book', 159, 13, 73, 'The Yellow Meads of Asphodel', '9790929809532', 85, 'FRENCH', 664, '2019-05-11', 'Sit optio excepturi est non. A adipisci deserunt eius expedita tempore ipsa magni. Non enim omnis rerum cum.', '2021-05-20T13:28:02.053842Z'),
	('Book', 160, 65, 48, 'Of Mice and Men', '9790948769770', 80, 'INDIAN', 173, '2014-08-09', 'Et nulla eligendi occaecati. Neque aspernatur ad ut enim unde omnis enim. Natus autem commodi sapiente nesciunt deserunt corrupti. Sed porro qui est. Voluptatem aut vitae.', '2021-05-20T13:28:02.054312Z'),
	('Book', 161, 66, 37, 'A Farewell to Arms', '9781930276819', 15, 'FRENCH', 281, '2005-10-31', 'Odio velit laboriosam voluptas doloribus. Quisquam omnis est. Porro repellat esse quis deserunt qui. Vero iste qui a ab culpa vero totam. Odit molestiae ullam aut sit ut.', '2021-05-20T13:28:02.054855Z'),
	('Book', 162, 42, 7, 'Beneath the Bleeding', '9780467353390', 52, 'RUSSIAN', 362, '1997-07-17', 'Ipsum nemo iusto omnis voluptatem. Voluptas et quia ut et voluptate non perspiciatis. Exercitationem vel ut vitae.', '2021-05-20T13:28:02.055279Z'),
	('Book', 163, 30, 10, 'A Passage to India', '9791255236665', 64, 'ENGLISH', 500, '2001-02-28', 'Eveniet perspiciatis quas molestias in. Eum omnis qui. Aut sed in porro magnam accusantium. Cupiditate rerum quisquam error quae eius non omnis. Nam sit ullam fugit assumenda porro omnis illo.', '2021-05-20T13:28:02.055735Z'),
	('Book', 164, 27, 11, 'Lilies of the Field', '9790682715736', 17, 'INDIAN', 595, '2017-04-27', 'Commodi vero nemo voluptatem aut qui. Dicta est nihil voluptatibus. Quo quo architecto non voluptas ducimus.', '2021-05-20T13:28:02.056147Z'),
	('Book', 165, 44, 58, 'East of Eden', '9781867868163', 20, 'GERMAN', 747, '2000-03-26', 'Exercitationem minus fugiat dolor. Architecto quis eligendi placeat dolorum qui odit aut. Quia id fuga ut nisi.', '2021-05-20T13:28:02.056569Z'),
	('Book', 166, 89, 40, 'Have His Carcase', '9790499553040', 17, 'GERMAN', 642, '2002-09-21', 'Nam voluptatem quae deleniti autem rerum ipsam. Sapiente qui repellendus quam aut facilis voluptatem. Molestias esse quibusdam et. Nihil est fugit molestias quae mollitia quia. Facilis unde molestiae ex et voluptas non.', '2021-05-20T13:28:02.057030Z'),
	('Book', 167, 9, 73, 'The Line of Beauty', '9780887054815', 36, 'GERMAN', 343, '1998-10-22', 'Sed eaque reiciendis doloremque ut ipsum voluptatem. Voluptatum a assumenda non qui eveniet itaque quasi. Aspernatur sint et laborum. Laborum assumenda dolorem sit ipsum non consectetur voluptates. Est explicabo consequuntur.', '2021-05-20T13:28:02.057572Z'),
	('Book', 168, 11, 89, 'For Whom the Bell Tolls', '9780247233607', 80, 'JAPANESE', 713, '2000-12-04', 'Quas quae ea accusantium eum. Ut itaque neque. Porro id nemo tempora. Voluptatem asperiores aliquid.', '2021-05-20T13:28:02.057971Z'),
	('Book', 169, 76, 62, 'That Good Night', '9781874056362', 28, 'FRENCH', 112, '2018-08-15', 'Praesentium et sed dolore suscipit ipsum. Minus quam vel nihil. Et ullam sunt voluptatem. Molestiae et ad excepturi dolores similique culpa. Voluptates qui dolor.', '2021-05-20T13:28:02.058409Z'),
	('Book', 170, 71, 17, 'This Lime Tree Bower', '9781813053643', 29, 'ENGLISH', 617, '2001-08-11', 'Architecto ipsum assumenda occaecati quia nam autem et. Fugit totam qui vel voluptas. Repellat vero et possimus reprehenderit. Quia voluptate optio quisquam totam laboriosam. Adipisci inventore saepe molestiae velit dolorum.', '2021-05-20T13:28:02.058911Z'),
	('Book', 171, 45, 6, 'The Skull Beneath the Skin', '9790903373059', 71, 'FRENCH', 699, '1994-05-04', 'Quaerat cumque non impedit praesentium ut. Sapiente veniam rerum assumenda est quam omnis reprehenderit. Iste sit doloremque consectetur amet neque officiis.', '2021-05-20T13:28:02.059318Z'),
	('Book', 172, 90, 48, 'A Swiftly Tilting Planet', '9790809163402', 18, 'ENGLISH', 351, '2007-11-20', 'Dolor dolor quisquam dolor. Illo impedit et id id cupiditate. Quisquam omnis amet. Quia quaerat eos quibusdam sunt quas. Maiores non aliquid excepturi.', '2021-05-20T13:28:02.059727Z'),
	('Book', 173, 11, 26, 'No Longer at Ease', '9781681880853', 87, 'RUSSIAN', 49, '1997-02-20', 'Et impedit doloribus rerum minima eius soluta. Cupiditate eveniet sed illo. Harum dolorem vel omnis veritatis repudiandae.', '2021-05-20T13:28:02.060135Z'),
	('Book', 174, 48, 45, 'As I Lay Dying', '9791874326013', 20, 'JAPANESE', 660, '2009-01-09', 'Dolore totam alias eum corrupti sequi numquam. Dolorum laboriosam nobis velit quos placeat. Ipsum et et sit qui explicabo exercitationem sapiente. Modi maiores quis doloremque sed dicta dolorum error. Sequi aut blanditiis dolorum id natus ullam.', '2021-05-20T13:28:02.060603Z'),
	('Book', 175, 44, 55, 'A Swiftly Tilting Planet', '9791934081586', 34, 'ENGLISH', 557, '1999-12-08', 'Optio praesentium pariatur. Ut id ab voluptatibus vel. Libero id ut exercitationem natus.', '2021-05-20T13:28:02.060975Z'),
	('Book', 176, 66, 37, 'The Grapes of Wrath', '9791026601838', 17, 'FRENCH', 135, '2012-02-01', 'Sequi ad maxime beatae laudantium non enim dolores. Dolor magni sed ad ratione et delectus sit. Temporibus laudantium ut recusandae.', '2021-05-20T13:28:02.061537Z'),
	('Book', 177, 11, 25, 'Franoise Sagan', '9781999418540', 89, 'PORTUGUESE', 769, '2003-03-28', 'Ut velit voluptas. Dolorem adipisci dolorem amet ab. Voluptas at est nemo unde quo sapiente. Tempora consequatur voluptate rerum.', '2021-05-20T13:28:02.061948Z'),
	('Book', 178, 69, 87, 'Lilies of the Field', '9790957456913', 79, 'CHINESE', 780, '2007-10-06', 'Repellendus molestiae quo et quasi eos ratione ea. Et dolor quia tempore aut quaerat sunt. Quibusdam nam non vitae libero quia harum nobis. Iure placeat facilis possimus error. Quo earum quo nihil et in.', '2021-05-20T13:28:02.062427Z'),
	('Book', 179, 44, 46, 'Of Mice and Men', '9780345512550', 50, 'INDIAN', 568, '1997-07-12', 'Et placeat aut sunt alias quas. Voluptatem voluptatem dolores facilis magni. Vel neque dolorem. Sit omnis ut doloribus qui. Velit dicta alias.', '2021-05-20T13:28:02.062835Z'),
	('Book', 180, 17, 2, 'Bloods a Rover', '9781711225562', 61, 'SPANISH', 587, '2001-11-01', 'Dolor veritatis corrupti quia excepturi. Voluptatem ex vel omnis repudiandae. Voluptates quia est rerum.', '2021-05-20T13:28:02.063316Z'),
	('Book', 181, 8, 41, 'The Heart Is Deceitful Above All Things', '9781058248217', 79, 'RUSSIAN', 323, '2014-08-22', 'Debitis non eum voluptatibus nulla cupiditate et et. Amet vel atque. Accusantium ut numquam aliquam quo. Inventore eaque enim blanditiis qui.', '2021-05-20T13:28:02.063719Z'),
	('Book', 182, 10, 41, 'A Many-Splendoured Thing', '9791917678529', 36, 'JAPANESE', 214, '1999-11-30', 'Temporibus pariatur est ut saepe asperiores dolor provident. Iusto est est est temporibus quia. Iusto sapiente tenetur ut eos.', '2021-05-20T13:28:02.064137Z'),
	('Book', 183, 71, 41, 'Cabbages and Kings', '9791965032007', 84, 'CHINESE', 136, '2018-02-27', 'Consequatur quam vitae. Aspernatur et occaecati inventore quod. Voluptas eum eum magnam unde voluptatem delectus eum.', '2021-05-20T13:28:02.064555Z'),
	('Book', 184, 70, 31, 'The Widening Gyre', '9790884298532', 13, 'GERMAN', 659, '2004-11-24', 'Est eos aut nam dolor eveniet nesciunt sunt. Consequuntur soluta quasi perferendis. Quisquam voluptates nesciunt est consequatur. Qui tempora iure quia earum commodi nihil. Et quod architecto velit delectus quis et inventore.', '2021-05-20T13:28:02.064999Z'),
	('Book', 185, 67, 4, 'For a Breath I Tarry', '9780872908826', 31, 'JAPANESE', 431, '2014-11-12', 'Fugit sed eos. Atque saepe perferendis. Sed corporis dolorem ut voluptatem et temporibus impedit. Eos veniam et. Ratione inventore consequatur expedita.', '2021-05-20T13:28:02.065414Z'),
	('Book', 186, 39, 66, 'Beneath the Bleeding', '9790767275384', 68, 'INDIAN', 33, '1994-08-29', 'Harum sequi quo non nihil dolore aut. Libero ipsam a ipsa dolorem necessitatibus. Nostrum animi enim nobis sit impedit esse. Sunt quibusdam voluptatem nulla. Incidunt et tenetur delectus quae.', '2021-05-20T13:28:02.066121Z'),
	('Book', 187, 87, 41, 'Everything is Illuminated', '9780670046188', 24, 'RUSSIAN', 751, '2014-12-14', 'Sed sit accusamus sunt qui dignissimos voluptatum. Maxime accusantium eius quia dolorem nostrum facere. Aut cum porro placeat sit saepe ut. Sunt dolores qui vel nostrum sit optio. Voluptate et sint eum modi dolor.', '2021-05-20T13:28:02.066671Z'),
	('Book', 188, 46, 71, 'Vile Bodies', '9791970946825', 46, 'SPANISH', 785, '2003-05-29', 'Qui repellendus itaque quod illum. Aut fuga ut corporis. Quo ad omnis voluptatum a. Qui adipisci delectus optio inventore assumenda.', '2021-05-20T13:28:02.067140Z'),
	('Book', 189, 52, 3, 'An Evil Cradling', '9790788334138', 85, 'JAPANESE', 205, '1995-03-20', 'Omnis quas asperiores aliquid est maiores maxime. Omnis eum ut vel et quos provident distinctio. Incidunt voluptatibus pariatur facere odit culpa. Est nihil fugit commodi. Temporibus et rem dignissimos sunt adipisci laboriosam ab.', '2021-05-20T13:28:02.067654Z'),
	('Book', 190, 32, 6, 'That Good Night', '9791887626315', 20, 'SPANISH', 386, '2011-04-05', 'Error omnis dolorem quos. Dicta excepturi sunt. Eos nesciunt officiis. Consequatur est eaque impedit officiis sit officia.', '2021-05-20T13:28:02.068110Z'),
	('Book', 191, 82, 30, 'The Doors of Perception', '9781486373420', 71, 'ENGLISH', 581, '2013-09-06', 'Exercitationem voluptate id ipsa aliquam. Reprehenderit fugiat et eum molestiae omnis numquam consequatur. Exercitationem quia et qui amet aut. At quia doloribus neque repellat consectetur at. Perspiciatis iusto a rem quo quam at delectus.', '2021-05-20T13:28:02.068612Z'),
	('Book', 192, 50, 54, 'By Grand Central Station I Sat Down and Wept', '9780048775658', 55, 'ENGLISH', 707, '2011-09-17', 'Cumque perspiciatis est amet fugit in sed. Deleniti doloremque debitis. Quam veniam consequatur accusantium repellat ut hic. Sunt animi laboriosam nisi ullam eum nostrum.', '2021-05-20T13:28:02.069100Z'),
	('Book', 193, 25, 47, 'The Mermaids Singing', '9790792622658', 65, 'SPANISH', 249, '2018-04-29', 'Et aut amet. Excepturi ut assumenda esse. Similique ut tenetur eligendi et quia inventore velit. Nam voluptatem incidunt perferendis ut vel.', '2021-05-20T13:28:02.069548Z'),
	('Book', 194, 81, 15, 'The Winds Twelve Quarters', '9781444922776', 54, 'FRENCH', 706, '2017-08-10', 'Eos autem provident consequatur. Cumque et quia molestiae et quaerat sit earum. Et laborum accusantium unde consequuntur et dolore. Non id dolor ratione quo. Quo possimus aut sit debitis quia delectus.', '2021-05-20T13:28:02.070045Z'),
	('Book', 195, 2, 53, 'Nectar in a Sieve', '9791043515248', 30, 'FRENCH', 225, '2019-12-28', 'Qui ipsam qui ut. Maxime quibusdam sint. Maiores magnam minima. Fugiat quo repudiandae.', '2021-05-20T13:28:02.070423Z'),
	('Book', 196, 43, 65, 'The Torment of Others', '9790060342424', 10, 'INDIAN', 647, '2008-08-25', 'Est quaerat rerum. Eveniet repellendus molestiae tempore. Sit velit ut fugit aliquam sed quam nihil. Quo quae officiis fugit voluptatem.', '2021-05-20T13:28:02.070868Z'),
	('Book', 197, 4, 80, 'A Catskill Eagle', '9791878073234', 19, 'RUSSIAN', 568, '2003-11-09', 'Est excepturi et. Omnis consequuntur nam est quis. Aliquid consectetur natus dignissimos unde excepturi. Placeat perspiciatis earum voluptatem vel. Magnam vel nisi rem optio voluptas beatae.', '2021-05-20T13:28:02.071354Z'),
	('Book', 198, 46, 33, 'A Darkling Plain', '9780865444867', 89, 'INDIAN', 446, '1995-02-23', 'Autem officia ullam eveniet. Autem rerum exercitationem numquam. Maiores quia perferendis unde vero molestiae qui quos.', '2021-05-20T13:28:02.071754Z'),
	('Book', 199, 90, 67, 'This Lime Tree Bower', '9791969896018', 64, 'INDIAN', 443, '2016-06-19', 'Rem mollitia facere unde maxime aperiam assumenda consectetur. Ut inventore aliquam aliquam quia architecto. Autem ut dignissimos vitae necessitatibus tenetur.', '2021-05-20T13:28:02.072166Z'),
	('Book', 200, 41, 90, 'A Confederacy of Dunces', '9781042845781', 48, 'PORTUGUESE', 174, '2015-12-11', 'Iure nihil quis et et. Nesciunt consequatur debitis aspernatur iste dolorum facilis sint. Omnis non itaque culpa. Ea sunt tempore. Assumenda tenetur et sed.', '2021-05-20T13:28:02.072612Z');

-- PURCHASE ORDER
INSERT INTO t_purchase_orders (id, customer_fk, purchase_order_date, created_date) VALUES (1, 5, '2020-05-10', '2021-05-20T13:28:02.072746Z');
	INSERT INTO t_purchase_order_lines (id, purchase_order_fk, item_fk, quantity, created_date) VALUES
		(11, 1, 153, 3, '2021-05-20T13:28:02.072790Z'),
		(12, 1, 34, 4, '2021-05-20T13:28:02.072804Z'),
		(13, 1, 191, 2, '2021-05-20T13:28:02.072815Z');
INSERT INTO t_purchase_orders (id, customer_fk, purchase_order_date, created_date) VALUES (2, 14, '2019-07-12', '2021-05-20T13:28:02.072831Z');
	INSERT INTO t_purchase_order_lines (id, purchase_order_fk, item_fk, quantity, created_date) VALUES
		(21, 2, 58, 4, '2021-05-20T13:28:02.072851Z'),
		(22, 2, 22, 2, '2021-05-20T13:28:02.072863Z'),
		(23, 2, 54, 2, '2021-05-20T13:28:02.072874Z'),
		(24, 2, 101, 4, '2021-05-20T13:28:02.072886Z');
INSERT INTO t_purchase_orders (id, customer_fk, purchase_order_date, created_date) VALUES (3, 30, '2019-09-26', '2021-05-20T13:28:02.072957Z');
	INSERT INTO t_purchase_order_lines (id, purchase_order_fk, item_fk, quantity, created_date) VALUES
		(31, 3, 194, 4, '2021-05-20T13:28:02.072973Z'),
		(32, 3, 170, 4, '2021-05-20T13:28:02.072984Z');
INSERT INTO t_purchase_orders (id, customer_fk, purchase_order_date, created_date) VALUES (4, 55, '2019-06-29', '2021-05-20T13:28:02.073Z');
	INSERT INTO t_purchase_order_lines (id, purchase_order_fk, item_fk, quantity, created_date) VALUES
		(41, 4, 9, 4, '2021-05-20T13:28:02.073015Z'),
		(42, 4, 136, 4, '2021-05-20T13:28:02.073025Z'),
		(43, 4, 172, 4, '2021-05-20T13:28:02.073036Z');
INSERT INTO t_purchase_orders (id, customer_fk, purchase_order_date, created_date) VALUES (5, 20, '2019-03-01', '2021-05-20T13:28:02.073050Z');
	INSERT INTO t_purchase_order_lines (id, purchase_order_fk, item_fk, quantity, created_date) VALUES
		(51, 5, 132, 2, '2021-05-20T13:28:02.073065Z'),
		(52, 5, 196, 2, '2021-05-20T13:28:02.073075Z'),
		(53, 5, 82, 4, '2021-05-20T13:28:02.073086Z');
INSERT INTO t_purchase_orders (id, customer_fk, purchase_order_date, created_date) VALUES (6, 80, '2019-05-25', '2021-05-20T13:28:02.073099Z');
	INSERT INTO t_purchase_order_lines (id, purchase_order_fk, item_fk, quantity, created_date) VALUES
		(61, 6, 146, 3, '2021-05-20T13:28:02.073113Z'),
		(62, 6, 105, 4, '2021-05-20T13:28:02.073125Z'),
		(63, 6, 92, 3, '2021-05-20T13:28:02.073135Z');
INSERT INTO t_purchase_orders (id, customer_fk, purchase_order_date, created_date) VALUES (7, 86, '2020-04-22', '2021-05-20T13:28:02.073149Z');
	INSERT INTO t_purchase_order_lines (id, purchase_order_fk, item_fk, quantity, created_date) VALUES
		(71, 7, 197, 3, '2021-05-20T13:28:02.073164Z'),
		(72, 7, 2, 1, '2021-05-20T13:28:02.073175Z'),
		(73, 7, 149, 2, '2021-05-20T13:28:02.073190Z');
INSERT INTO t_purchase_orders (id, customer_fk, purchase_order_date, created_date) VALUES (8, 36, '2019-02-14', '2021-05-20T13:28:02.073204Z');
	INSERT INTO t_purchase_order_lines (id, purchase_order_fk, item_fk, quantity, created_date) VALUES
		(81, 8, 115, 4, '2021-05-20T13:28:02.073219Z'),
		(82, 8, 15, 1, '2021-05-20T13:28:02.073229Z');
INSERT INTO t_purchase_orders (id, customer_fk, purchase_order_date, created_date) VALUES (9, 71, '2020-04-14', '2021-05-20T13:28:02.073242Z');
	INSERT INTO t_purchase_order_lines (id, purchase_order_fk, item_fk, quantity, created_date) VALUES
		(91, 9, 163, 4, '2021-05-20T13:28:02.073258Z'),
		(92, 9, 31, 4, '2021-05-20T13:28:02.073269Z'),
		(93, 9, 70, 2, '2021-05-20T13:28:02.073280Z');
INSERT INTO t_purchase_orders (id, customer_fk, purchase_order_date, created_date) VALUES (10, 29, '2021-01-19', '2021-05-20T13:28:02.073293Z');
	INSERT INTO t_purchase_order_lines (id, purchase_order_fk, item_fk, quantity, created_date) VALUES
		(101, 10, 184, 2, '2021-05-20T13:28:02.073307Z'),
		(102, 10, 82, 2, '2021-05-20T13:28:02.073318Z'),
		(103, 10, 142, 4, '2021-05-20T13:28:02.073328Z');
INSERT INTO t_purchase_orders (id, customer_fk, purchase_order_date, created_date) VALUES (11, 65, '2020-09-02', '2021-05-20T13:28:02.073342Z');
	INSERT INTO t_purchase_order_lines (id, purchase_order_fk, item_fk, quantity, created_date) VALUES
		(111, 11, 172, 3, '2021-05-20T13:28:02.073357Z'),
		(112, 11, 140, 2, '2021-05-20T13:28:02.073370Z'),
		(113, 11, 190, 2, '2021-05-20T13:28:02.073381Z');
INSERT INTO t_purchase_orders (id, customer_fk, purchase_order_date, created_date) VALUES (12, 68, '2021-03-05', '2021-05-20T13:28:02.073395Z');
	INSERT INTO t_purchase_order_lines (id, purchase_order_fk, item_fk, quantity, created_date) VALUES
		(121, 12, 116, 2, '2021-05-20T13:28:02.073410Z'),
		(122, 12, 73, 2, '2021-05-20T13:28:02.073421Z'),
		(123, 12, 25, 1, '2021-05-20T13:28:02.073431Z'),
		(124, 12, 179, 3, '2021-05-20T13:28:02.073443Z');
INSERT INTO t_purchase_orders (id, customer_fk, purchase_order_date, created_date) VALUES (13, 24, '2020-09-18', '2021-05-20T13:28:02.073457Z');
	INSERT INTO t_purchase_order_lines (id, purchase_order_fk, item_fk, quantity, created_date) VALUES
		(131, 13, 119, 3, '2021-05-20T13:28:02.073472Z'),
		(132, 13, 94, 3, '2021-05-20T13:28:02.073483Z');
INSERT INTO t_purchase_orders (id, customer_fk, purchase_order_date, created_date) VALUES (14, 33, '2021-03-11', '2021-05-20T13:28:02.073497Z');
	INSERT INTO t_purchase_order_lines (id, purchase_order_fk, item_fk, quantity, created_date) VALUES
		(141, 14, 51, 3, '2021-05-20T13:28:02.073511Z'),
		(142, 14, 151, 4, '2021-05-20T13:28:02.073522Z'),
		(143, 14, 19, 4, '2021-05-20T13:28:02.073533Z');
INSERT INTO t_purchase_orders (id, customer_fk, purchase_order_date, created_date) VALUES (15, 6, '2020-02-16', '2021-05-20T13:28:02.073546Z');
	INSERT INTO t_purchase_order_lines (id, purchase_order_fk, item_fk, quantity, created_date) VALUES
		(151, 15, 51, 2, '2021-05-20T13:28:02.073561Z'),
		(152, 15, 1, 4, '2021-05-20T13:28:02.073572Z');
INSERT INTO t_purchase_orders (id, customer_fk, purchase_order_date, created_date) VALUES (16, 18, '2019-01-20', '2021-05-20T13:28:02.073586Z');
	INSERT INTO t_purchase_order_lines (id, purchase_order_fk, item_fk, quantity, created_date) VALUES
		(161, 16, 10, 2, '2021-05-20T13:28:02.073603Z'),
		(162, 16, 17, 3, '2021-05-20T13:28:02.073614Z');
INSERT INTO t_purchase_orders (id, customer_fk, purchase_order_date, created_date) VALUES (17, 15, '2019-10-04', '2021-05-20T13:28:02.073627Z');
	INSERT INTO t_purchase_order_lines (id, purchase_order_fk, item_fk, quantity, created_date) VALUES
		(171, 17, 31, 3, '2021-05-20T13:28:02.073642Z'),
		(172, 17, 60, 4, '2021-05-20T13:28:02.073653Z');
INSERT INTO t_purchase_orders (id, customer_fk, purchase_order_date, created_date) VALUES (18, 68, '2018-11-08', '2021-05-20T13:28:02.073667Z');
	INSERT INTO t_purchase_order_lines (id, purchase_order_fk, item_fk, quantity, created_date) VALUES
		(181, 18, 94, 4, '2021-05-20T13:28:02.073682Z'),
		(182, 18, 152, 4, '2021-05-20T13:28:02.073693Z');
INSERT INTO t_purchase_orders (id, customer_fk, purchase_order_date, created_date) VALUES (19, 47, '2019-05-10', '2021-05-20T13:28:02.073706Z');
	INSERT INTO t_purchase_order_lines (id, purchase_order_fk, item_fk, quantity, created_date) VALUES
		(191, 19, 75, 3, '2021-05-20T13:28:02.073748Z'),
		(192, 19, 29, 4, '2021-05-20T13:28:02.073759Z'),
		(193, 19, 170, 4, '2021-05-20T13:28:02.073769Z');
INSERT INTO t_purchase_orders (id, customer_fk, purchase_order_date, created_date) VALUES (20, 85, '2021-01-19', '2021-05-20T13:28:02.073783Z');
	INSERT INTO t_purchase_order_lines (id, purchase_order_fk, item_fk, quantity, created_date) VALUES
		(201, 20, 184, 2, '2021-05-20T13:28:02.073798Z'),
		(202, 20, 6, 2, '2021-05-20T13:28:02.073809Z');
INSERT INTO t_purchase_orders (id, customer_fk, purchase_order_date, created_date) VALUES (21, 54, '2020-08-12', '2021-05-20T13:28:02.073823Z');
	INSERT INTO t_purchase_order_lines (id, purchase_order_fk, item_fk, quantity, created_date) VALUES
		(211, 21, 81, 3, '2021-05-20T13:28:02.073838Z'),
		(212, 21, 146, 4, '2021-05-20T13:28:02.073849Z');
INSERT INTO t_purchase_orders (id, customer_fk, purchase_order_date, created_date) VALUES (22, 13, '2020-10-26', '2021-05-20T13:28:02.073862Z');
	INSERT INTO t_purchase_order_lines (id, purchase_order_fk, item_fk, quantity, created_date) VALUES
		(221, 22, 124, 3, '2021-05-20T13:28:02.073879Z'),
		(222, 22, 22, 3, '2021-05-20T13:28:02.073901Z');
INSERT INTO t_purchase_orders (id, customer_fk, purchase_order_date, created_date) VALUES (23, 2, '2020-05-13', '2021-05-20T13:28:02.073914Z');
	INSERT INTO t_purchase_order_lines (id, purchase_order_fk, item_fk, quantity, created_date) VALUES
		(231, 23, 170, 3, '2021-05-20T13:28:02.073928Z'),
		(232, 23, 172, 1, '2021-05-20T13:28:02.073938Z'),
		(233, 23, 165, 2, '2021-05-20T13:28:02.073947Z');
INSERT INTO t_purchase_orders (id, customer_fk, purchase_order_date, created_date) VALUES (24, 17, '2020-03-17', '2021-05-20T13:28:02.073961Z');
	INSERT INTO t_purchase_order_lines (id, purchase_order_fk, item_fk, quantity, created_date) VALUES
		(241, 24, 158, 2, '2021-05-20T13:28:02.073975Z'),
		(242, 24, 143, 2, '2021-05-20T13:28:02.073985Z'),
		(243, 24, 54, 4, '2021-05-20T13:28:02.074054Z');
INSERT INTO t_purchase_orders (id, customer_fk, purchase_order_date, created_date) VALUES (25, 59, '2020-11-30', '2021-05-20T13:28:02.074069Z');
	INSERT INTO t_purchase_order_lines (id, purchase_order_fk, item_fk, quantity, created_date) VALUES
		(251, 25, 114, 2, '2021-05-20T13:28:02.074084Z'),
		(252, 25, 77, 4, '2021-05-20T13:28:02.074095Z'),
		(253, 25, 78, 4, '2021-05-20T13:28:02.074106Z');
INSERT INTO t_purchase_orders (id, customer_fk, purchase_order_date, created_date) VALUES (26, 80, '2019-12-04', '2021-05-20T13:28:02.074120Z');
	INSERT INTO t_purchase_order_lines (id, purchase_order_fk, item_fk, quantity, created_date) VALUES
		(261, 26, 145, 2, '2021-05-20T13:28:02.074135Z'),
		(262, 26, 155, 2, '2021-05-20T13:28:02.074146Z'),
		(263, 26, 88, 3, '2021-05-20T13:28:02.074157Z');
INSERT INTO t_purchase_orders (id, customer_fk, purchase_order_date, created_date) VALUES (27, 49, '2020-05-22', '2021-05-20T13:28:02.074173Z');
	INSERT INTO t_purchase_order_lines (id, purchase_order_fk, item_fk, quantity, created_date) VALUES
		(271, 27, 173, 4, '2021-05-20T13:28:02.074187Z'),
		(272, 27, 103, 3, '2021-05-20T13:28:02.074199Z'),
		(273, 27, 195, 3, '2021-05-20T13:28:02.074209Z'),
		(274, 27, 167, 1, '2021-05-20T13:28:02.074220Z');
INSERT INTO t_purchase_orders (id, customer_fk, purchase_order_date, created_date) VALUES (28, 30, '2020-02-09', '2021-05-20T13:28:02.074239Z');
	INSERT INTO t_purchase_order_lines (id, purchase_order_fk, item_fk, quantity, created_date) VALUES
		(281, 28, 70, 1, '2021-05-20T13:28:02.074254Z'),
		(282, 28, 171, 1, '2021-05-20T13:28:02.074264Z'),
		(283, 28, 24, 4, '2021-05-20T13:28:02.074276Z'),
		(284, 28, 181, 3, '2021-05-20T13:28:02.074287Z');
INSERT INTO t_purchase_orders (id, customer_fk, purchase_order_date, created_date) VALUES (29, 25, '2019-11-15', '2021-05-20T13:28:02.074302Z');
	INSERT INTO t_purchase_order_lines (id, purchase_order_fk, item_fk, quantity, created_date) VALUES
		(291, 29, 87, 2, '2021-05-20T13:28:02.074317Z'),
		(292, 29, 137, 4, '2021-05-20T13:28:02.074327Z'),
		(293, 29, 50, 3, '2021-05-20T13:28:02.074348Z');
INSERT INTO t_purchase_orders (id, customer_fk, purchase_order_date, created_date) VALUES (30, 17, '2020-02-20', '2021-05-20T13:28:02.074362Z');
	INSERT INTO t_purchase_order_lines (id, purchase_order_fk, item_fk, quantity, created_date) VALUES
		(301, 30, 158, 2, '2021-05-20T13:28:02.074376Z'),
		(302, 30, 134, 4, '2021-05-20T13:28:02.074386Z'),
		(303, 30, 171, 2, '2021-05-20T13:28:02.074396Z');
INSERT INTO t_purchase_orders (id, customer_fk, purchase_order_date, created_date) VALUES (31, 72, '2021-05-18', '2021-05-20T13:28:02.074408Z');
	INSERT INTO t_purchase_order_lines (id, purchase_order_fk, item_fk, quantity, created_date) VALUES
		(311, 31, 37, 2, '2021-05-20T13:28:02.074421Z'),
		(312, 31, 121, 4, '2021-05-20T13:28:02.074430Z'),
		(313, 31, 148, 4, '2021-05-20T13:28:02.074440Z'),
		(314, 31, 32, 4, '2021-05-20T13:28:02.074450Z');
INSERT INTO t_purchase_orders (id, customer_fk, purchase_order_date, created_date) VALUES (32, 5, '2019-03-09', '2021-05-20T13:28:02.074463Z');
	INSERT INTO t_purchase_order_lines (id, purchase_order_fk, item_fk, quantity, created_date) VALUES
		(321, 32, 147, 4, '2021-05-20T13:28:02.074476Z'),
		(322, 32, 77, 4, '2021-05-20T13:28:02.074485Z'),
		(323, 32, 196, 4, '2021-05-20T13:28:02.074494Z');
INSERT INTO t_purchase_orders (id, customer_fk, purchase_order_date, created_date) VALUES (33, 72, '2019-01-28', '2021-05-20T13:28:02.074506Z');
	INSERT INTO t_purchase_order_lines (id, purchase_order_fk, item_fk, quantity, created_date) VALUES
		(331, 33, 117, 4, '2021-05-20T13:28:02.074520Z'),
		(332, 33, 96, 2, '2021-05-20T13:28:02.074531Z');
INSERT INTO t_purchase_orders (id, customer_fk, purchase_order_date, created_date) VALUES (34, 15, '2020-08-06', '2021-05-20T13:28:02.074544Z');
	INSERT INTO t_purchase_order_lines (id, purchase_order_fk, item_fk, quantity, created_date) VALUES
		(341, 34, 51, 1, '2021-05-20T13:28:02.074558Z'),
		(342, 34, 70, 2, '2021-05-20T13:28:02.074568Z'),
		(343, 34, 153, 1, '2021-05-20T13:28:02.074577Z');
INSERT INTO t_purchase_orders (id, customer_fk, purchase_order_date, created_date) VALUES (35, 87, '2020-10-15', '2021-05-20T13:28:02.074589Z');
	INSERT INTO t_purchase_order_lines (id, purchase_order_fk, item_fk, quantity, created_date) VALUES
		(351, 35, 8, 2, '2021-05-20T13:28:02.074604Z'),
		(352, 35, 178, 2, '2021-05-20T13:28:02.074614Z');
INSERT INTO t_purchase_orders (id, customer_fk, purchase_order_date, created_date) VALUES (36, 23, '2018-11-22', '2021-05-20T13:28:02.074627Z');
	INSERT INTO t_purchase_order_lines (id, purchase_order_fk, item_fk, quantity, created_date) VALUES
		(361, 36, 87, 2, '2021-05-20T13:28:02.074640Z'),
		(362, 36, 54, 4, '2021-05-20T13:28:02.074649Z'),
		(363, 36, 55, 1, '2021-05-20T13:28:02.074659Z');
INSERT INTO t_purchase_orders (id, customer_fk, purchase_order_date, created_date) VALUES (37, 30, '2018-11-01', '2021-05-20T13:28:02.074672Z');
	INSERT INTO t_purchase_order_lines (id, purchase_order_fk, item_fk, quantity, created_date) VALUES
		(371, 37, 67, 2, '2021-05-20T13:28:02.074685Z'),
		(372, 37, 134, 3, '2021-05-20T13:28:02.074694Z'),
		(373, 37, 3, 4, '2021-05-20T13:28:02.074704Z');
INSERT INTO t_purchase_orders (id, customer_fk, purchase_order_date, created_date) VALUES (38, 7, '2019-02-11', '2021-05-20T13:28:02.074716Z');
	INSERT INTO t_purchase_order_lines (id, purchase_order_fk, item_fk, quantity, created_date) VALUES
		(381, 38, 65, 2, '2021-05-20T13:28:02.074729Z'),
		(382, 38, 102, 2, '2021-05-20T13:28:02.074739Z'),
		(383, 38, 187, 1, '2021-05-20T13:28:02.074749Z'),
		(384, 38, 141, 3, '2021-05-20T13:28:02.074758Z');
INSERT INTO t_purchase_orders (id, customer_fk, purchase_order_date, created_date) VALUES (39, 90, '2020-10-13', '2021-05-20T13:28:02.074771Z');
	INSERT INTO t_purchase_order_lines (id, purchase_order_fk, item_fk, quantity, created_date) VALUES
		(391, 39, 62, 2, '2021-05-20T13:28:02.074784Z'),
		(392, 39, 171, 2, '2021-05-20T13:28:02.074793Z'),
		(393, 39, 20, 3, '2021-05-20T13:28:02.074803Z');
INSERT INTO t_purchase_orders (id, customer_fk, purchase_order_date, created_date) VALUES (40, 56, '2020-09-13', '2021-05-20T13:28:02.074815Z');
	INSERT INTO t_purchase_order_lines (id, purchase_order_fk, item_fk, quantity, created_date) VALUES
		(401, 40, 4, 4, '2021-05-20T13:28:02.074829Z'),
		(402, 40, 44, 3, '2021-05-20T13:28:02.074838Z'),
		(403, 40, 177, 4, '2021-05-20T13:28:02.074848Z');
INSERT INTO t_purchase_orders (id, customer_fk, purchase_order_date, created_date) VALUES (41, 69, '2020-09-27', '2021-05-20T13:28:02.074860Z');
	INSERT INTO t_purchase_order_lines (id, purchase_order_fk, item_fk, quantity, created_date) VALUES
		(411, 41, 35, 1, '2021-05-20T13:28:02.074874Z'),
		(412, 41, 57, 3, '2021-05-20T13:28:02.074884Z'),
		(413, 41, 126, 1, '2021-05-20T13:28:02.074894Z');
INSERT INTO t_purchase_orders (id, customer_fk, purchase_order_date, created_date) VALUES (42, 34, '2018-10-11', '2021-05-20T13:28:02.074908Z');
	INSERT INTO t_purchase_order_lines (id, purchase_order_fk, item_fk, quantity, created_date) VALUES
		(421, 42, 133, 4, '2021-05-20T13:28:02.074934Z'),
		(422, 42, 155, 2, '2021-05-20T13:28:02.074944Z'),
		(423, 42, 29, 1, '2021-05-20T13:28:02.074956Z');
INSERT INTO t_purchase_orders (id, customer_fk, purchase_order_date, created_date) VALUES (43, 27, '2019-12-29', '2021-05-20T13:28:02.074969Z');
	INSERT INTO t_purchase_order_lines (id, purchase_order_fk, item_fk, quantity, created_date) VALUES
		(431, 43, 54, 2, '2021-05-20T13:28:02.074984Z'),
		(432, 43, 84, 1, '2021-05-20T13:28:02.074994Z');
INSERT INTO t_purchase_orders (id, customer_fk, purchase_order_date, created_date) VALUES (44, 64, '2019-08-28', '2021-05-20T13:28:02.075007Z');
	INSERT INTO t_purchase_order_lines (id, purchase_order_fk, item_fk, quantity, created_date) VALUES
		(441, 44, 31, 2, '2021-05-20T13:28:02.075020Z'),
		(442, 44, 81, 1, '2021-05-20T13:28:02.075031Z');
INSERT INTO t_purchase_orders (id, customer_fk, purchase_order_date, created_date) VALUES (45, 88, '2019-08-20', '2021-05-20T13:28:02.075043Z');
	INSERT INTO t_purchase_order_lines (id, purchase_order_fk, item_fk, quantity, created_date) VALUES
		(451, 45, 16, 4, '2021-05-20T13:28:02.075085Z'),
		(452, 45, 107, 2, '2021-05-20T13:28:02.075095Z'),
		(453, 45, 124, 4, '2021-05-20T13:28:02.075105Z'),
		(454, 45, 33, 4, '2021-05-20T13:28:02.075115Z');
INSERT INTO t_purchase_orders (id, customer_fk, purchase_order_date, created_date) VALUES (46, 42, '2019-02-05', '2021-05-20T13:28:02.075129Z');
	INSERT INTO t_purchase_order_lines (id, purchase_order_fk, item_fk, quantity, created_date) VALUES
		(461, 46, 190, 3, '2021-05-20T13:28:02.075143Z'),
		(462, 46, 148, 2, '2021-05-20T13:28:02.075152Z'),
		(463, 46, 102, 4, '2021-05-20T13:28:02.075163Z');
INSERT INTO t_purchase_orders (id, customer_fk, purchase_order_date, created_date) VALUES (47, 46, '2018-12-17', '2021-05-20T13:28:02.075176Z');
	INSERT INTO t_purchase_order_lines (id, purchase_order_fk, item_fk, quantity, created_date) VALUES
		(471, 47, 99, 3, '2021-05-20T13:28:02.075190Z'),
		(472, 47, 161, 3, '2021-05-20T13:28:02.075199Z');
INSERT INTO t_purchase_orders (id, customer_fk, purchase_order_date, created_date) VALUES (48, 37, '2021-02-17', '2021-05-20T13:28:02.075211Z');
	INSERT INTO t_purchase_order_lines (id, purchase_order_fk, item_fk, quantity, created_date) VALUES
		(481, 48, 189, 1, '2021-05-20T13:28:02.075225Z'),
		(482, 48, 107, 4, '2021-05-20T13:28:02.075235Z');
INSERT INTO t_purchase_orders (id, customer_fk, purchase_order_date, created_date) VALUES (49, 63, '2020-03-09', '2021-05-20T13:28:02.075247Z');
	INSERT INTO t_purchase_order_lines (id, purchase_order_fk, item_fk, quantity, created_date) VALUES
		(491, 49, 76, 3, '2021-05-20T13:28:02.075261Z'),
		(492, 49, 80, 4, '2021-05-20T13:28:02.075272Z'),
		(493, 49, 30, 4, '2021-05-20T13:28:02.075281Z');

ALTER SEQUENCE hibernate_sequence RESTART WITH 600;